-- --------------------------------------------------------
-- Host:                         127.0.0.1
-- Server version:               5.5.23 - MySQL Community Server (GPL)
-- Server OS:                    Win64
-- HeidiSQL Version:             8.3.0.4694
-- --------------------------------------------------------

/*!40101 SET @OLD_CHARACTER_SET_CLIENT=@@CHARACTER_SET_CLIENT */;
/*!40101 SET NAMES utf8 */;
/*!40014 SET @OLD_FOREIGN_KEY_CHECKS=@@FOREIGN_KEY_CHECKS, FOREIGN_KEY_CHECKS=0 */;
/*!40101 SET @OLD_SQL_MODE=@@SQL_MODE, SQL_MODE='NO_AUTO_VALUE_ON_ZERO' */;
-- Dumping data for table bronimesto.bookings: ~8 rows (approximately)
/*!40000 ALTER TABLE `bookings` DISABLE KEYS */;
REPLACE INTO `bookings` (`id`, `venue_id`, `visitor_contact_name`, `user_id`, `visitor_contact_phone`, `spent_money`, `booking_time`, `places_amount`, `status`, `notes`, `booking_created`, `table_no`, `visitor_spent_money`, `spent_valid`) VALUES
	(1, 1, 'Sergey', 1, '1234567', 300000, '2014-10-15 21:00:00', 2, 6, '', '2014-11-06 06:40:25', '1', 280000, 0),
	(2, 1, 'Alena', NULL, '1234567', 400000, '2014-10-16 20:00:00', 2, 4, '', '2014-11-06 06:41:16', '1', 400000, 1),
	(3, 22, 'Sergey', 1, '2345678', 350000, '2014-10-16 19:30:00', 4, 6, 'Notes2', '2014-11-06 06:46:52', '1', NULL, NULL),
	(4, 69, 'Sergey', 1, '4567432', 800000, '2014-10-23 18:00:00', 8, 6, 'Notes3', '2014-11-06 06:47:48', '2', NULL, NULL),
	(5, 2, 'Вася', NULL, '1234567', 300000, '2014-11-06 22:00:00', 2, 4, '', '2014-11-06 20:21:18', '1', NULL, NULL),
	(6, 2, 'Петя', NULL, '1234568', 400000, '2014-11-07 19:00:00', 8, 3, '', '2014-11-06 20:21:46', '2,3', NULL, NULL),
	(7, 2, 'Марина', NULL, '234', 500000, '2014-11-07 20:00:00', 3, 2, '', '2014-11-06 20:22:09', '4', NULL, NULL),
	(8, 2, 'Ира', NULL, '1234566', 600000, '2014-11-07 21:00:00', 5, 6, '', '2014-11-06 20:22:33', '6,7', NULL, NULL);
/*!40000 ALTER TABLE `bookings` ENABLE KEYS */;

-- Dumping data for table bronimesto.booking_history: ~11 rows (approximately)
/*!40000 ALTER TABLE `booking_history` DISABLE KEYS */;
REPLACE INTO `booking_history` (`id`, `booking_id`, `new_status`, `action_user`, `change_time`, `new_places`, `new_time`) VALUES
	(1, 1, 1, '0', '2014-11-06 06:40:25', NULL, NULL),
	(2, 2, 1, '0', '2014-11-06 06:41:16', NULL, NULL),
	(3, 5, 1, '0', '2014-11-06 20:21:18', NULL, NULL),
	(4, 6, 1, '0', '2014-11-06 20:21:46', NULL, NULL),
	(5, 7, 1, '0', '2014-11-06 20:22:09', NULL, NULL),
	(6, 8, 1, '0', '2014-11-06 20:22:33', NULL, NULL),
	(7, 2, 4, '0', '2015-02-02 21:24:29', NULL, NULL),
	(8, 5, 4, '0', '2015-02-02 21:24:35', NULL, NULL),
	(9, 6, 3, '0', '2015-02-02 21:24:35', NULL, NULL),
	(10, 7, 2, '0', '2015-02-02 21:24:35', NULL, NULL),
	(11, 8, 6, '0', '2015-02-02 21:24:35', NULL, NULL);
/*!40000 ALTER TABLE `booking_history` ENABLE KEYS */;

-- Dumping data for table bronimesto.booking_status: ~6 rows (approximately)
/*!40000 ALTER TABLE `booking_status` DISABLE KEYS */;
REPLACE INTO `booking_status` (`id`, `status`) VALUES
	(1, 'pending'),
	(2, 'approved'),
	(3, 'cancelled'),
	(4, 'rejected'),
	(5, 'deleted'),
	(6, 'closed');
/*!40000 ALTER TABLE `booking_status` ENABLE KEYS */;

-- Dumping data for table bronimesto.reviews: ~2 rows (approximately)
/*!40000 ALTER TABLE `reviews` DISABLE KEYS */;
REPLACE INTO `reviews` (`id`, `venue_id`, `mark_food`, `mark_service`, `mark_atmosphere`, `mark_price_quality`, `comments_good`, `comments_bad`, `user_id`) VALUES
	(1, 1, 8, 7, 8, 9, 'Вкусно и не дорого', 'Долго готовят', 1),
	(2, 1, 9, 8, 5, 7, 'В целом все хорошо', 'Шумно', 1);
/*!40000 ALTER TABLE `reviews` ENABLE KEYS */;

-- Dumping data for table bronimesto.tables: ~0 rows (approximately)
/*!40000 ALTER TABLE `tables` DISABLE KEYS */;
/*!40000 ALTER TABLE `tables` ENABLE KEYS */;

-- Dumping data for table bronimesto.table_position_notes: ~3 rows (approximately)
/*!40000 ALTER TABLE `table_position_notes` DISABLE KEYS */;
REPLACE INTO `table_position_notes` (`id`, `position_notes`) VALUES
	(1, 'Common'),
	(2, 'Near window'),
	(3, 'Outdoors');
/*!40000 ALTER TABLE `table_position_notes` ENABLE KEYS */;

-- Dumping data for table bronimesto.users: ~1 rows (approximately)
/*!40000 ALTER TABLE `users` DISABLE KEYS */;
REPLACE INTO `users` (`id`, `name`, `surname`, `email`, `phone`, `password`, `bonus_scores`) VALUES
	(1, 'Сергей', 'Нараленков', 'naralenkov2010@gmail.com', '+375291492050', 'qwerty12Q', 100);
/*!40000 ALTER TABLE `users` ENABLE KEYS */;

-- Dumping data for table bronimesto.venues: ~96 rows (approximately)
/*!40000 ALTER TABLE `venues` DISABLE KEYS */;
REPLACE INTO `venues` (`id`, `rating`, `free_tables_amount`, `unique_id`, `name`, `phone`, `address`, `city`, `country`, `latitude`, `longitude`, `category`, `has_free_seats`, `in_booking_system`, `tables_amount`, `open_time`, `close_time`, `plan`, `cuisine`, `has_wifi`, `has_outdoors_seats`, `take_credit_cards`, `admin_password`, `admin_user`, `avg_check`, `icon_url`) VALUES
	(1, 0.00, 15, '5257f82f11d2f039160e2424', 'ФаCоль', '+375 44 790-33-33', 'Советская ул., 36', 'Гомель', 'Беларусь', 52.4328, 31.0097, 'Restaurant', 1, 0, 20, '10:00', '24:00', NULL, NULL, 1, NULL, 0, 'admin', 'admin', NULL, NULL),
	(2, 0.00, 0, '4daf28ab6e81e2dffdd82953', 'Cinema Cafe', '+375 232 74-08-88', 'ул. Коммунаров, 4', 'Гомель', 'Беларусь', 52.4265, 31.0122, 'Café', 1, 0, 15, '10:00', '24:00', NULL, NULL, NULL, 1, 0, 'admin', 'admin', NULL, NULL),
	(3, 0.00, 0, '4d218fb2e56f6ea8bd347e1d', 'Итальянская кухня', '+375 232 70-14-30', 'ул. Коммунаров, 6', 'Гомель', 'Беларусь', 52.4264, 31.012, 'Pizza Place', 1, 0, NULL, '10:00', '24:00', NULL, NULL, 1, NULL, 0, 'admin', 'admin', NULL, NULL),
	(4, 0.00, 0, '4ead436aa17c199864d89b72', 'Taboo', '+375 44 575-75-75', 'Советская ул., 12', 'Гомель', 'Беларусь', 52.4277, 31.0129, 'Sushi Restaurant', 1, 0, NULL, '10:00', '24:00', NULL, NULL, NULL, NULL, 0, 'admin', 'admin', NULL, NULL),
	(5, 0.00, 0, '52a1ff89498ee35eb81e654d', 'Rasskazov', '+375 232 57-11-91', 'ул. Кирова, 90а', 'Гомель', 'Беларусь', 52.4444, 30.9951, 'Gastropub', 1, 0, NULL, '10:00', '24:00', NULL, NULL, 1, 1, 0, 'admin', 'admin', NULL, NULL),
	(6, 0.00, 0, '513b4744e4b0ab90b6b11baf', 'Бургер Фреш', '+375 232 21-20-37', 'просп. Ленина, 10', 'Гомель', 'Беларусь', 52.4252, 31.008, 'Burger Joint', 1, 0, NULL, '10:00', '24:00', NULL, NULL, NULL, NULL, 0, 'admin', 'admin', NULL, NULL),
	(7, 0.00, 0, '4ec91f85f5b9e8819470e40a', 'Avenue', '+375 44 754-01-00', 'просп. Ленина, 3', 'Гомель', 'Беларусь', 52.4249, 31.0103, 'Café', 1, 0, NULL, '10:00', '24:00', NULL, NULL, NULL, NULL, 0, 'admin', 'admin', NULL, NULL),
	(8, 0.00, 0, '4c94eecb94a0236aa3259112', 'Старое время', '+375 232 74-19-57', 'Крестьянская ул., 14', 'Гомель', 'Беларусь', 52.4286, 31.0142, 'Восточно-Европейский ресторан', 1, 0, 20, '10:00', '24:00', NULL, 'Советская', 1, 0, 1, 'admin', 'admin', NULL, NULL),
	(9, 0.00, 0, '4fe0a6dfe4b0b4adf604ceb8', 'Кардинале', '+375 29 696-96-65', 'ул. Богдана Хмельницкого, 90', 'Гомель', 'Беларусь', 52.4092, 30.9735, 'Pizza Place', 1, 0, NULL, '10:00', '24:00', NULL, NULL, NULL, NULL, 0, 'admin', 'admin', NULL, NULL),
	(10, 0.00, 0, '4e2871c8ae60078b2fcb59ba', 'Ваниль', '', 'просп. Победы, 16', 'Гомель', 'Беларусь', 52.4323, 30.9974, 'Café', 1, 0, NULL, '10:00', '24:00', NULL, NULL, NULL, NULL, 0, 'admin', 'admin', NULL, NULL),
	(11, 0.00, 0, '4d580480e319a1cda45d0b34', 'Station One', '+375 232 77-71-16', 'Рогачёвская ул., 2', 'Гомель', 'Беларусь', 52.4383, 31.0043, 'Café', 1, 0, NULL, '10:00', '24:00', NULL, NULL, NULL, NULL, 0, 'admin', 'admin', NULL, NULL),
	(12, 0.00, 0, '51b1b28a498e57989d115383', 'Прованс', '+375 44 773-03-03', 'Билецкий спуск, 1', 'Гомель', 'Беларусь', 52.4271, 31.02, 'French Restaurant', 1, 0, NULL, '10:00', '24:00', NULL, NULL, NULL, NULL, 0, 'admin', 'admin', NULL, NULL),
	(13, 0.00, 0, '4db9513a0437609120fedd65', 'Карчма «Будзьма»', '+375 232 77-71-81', 'Привокзальная ул., 3', 'Гомель', 'Беларусь', 52.4284, 30.9948, 'Belarusian Restaurant', 1, 0, NULL, '10:00', '24:00', NULL, NULL, NULL, NULL, 0, 'admin', 'admin', NULL, NULL),
	(14, 0.00, 0, '4e5a3704ae6099fc00d1ec18', 'Театральное', '+375 232 74-77-95', 'просп. Ленина, 3', 'Гомель', 'Беларусь', 52.4247, 31.0109, 'Café', 1, 0, NULL, '10:00', '24:00', NULL, NULL, NULL, NULL, 0, 'admin', 'admin', NULL, NULL),
	(15, 0.00, 0, '4dc83a9b1f6e53d704833624', 'Румянцевский', '+375 232 71-76-34', 'Советская ул., 38', 'Гомель', 'Беларусь', 52.4334, 31.0088, 'Eastern European Restaurant', 1, 0, 0, '10:00', '24:00', NULL, 'null', 1, 0, 1, 'admin', 'admin', 'null', 'https://irs2.4sqi.net/img/general/540x960/52042095_AMINFaKXsFcZX8RJ0XEGgwy5GrGYmxaF64OQ0YUnzzo.jpg'),
	(16, 0.00, 0, '4f9eb358e4b0b38d31372205', 'Белая дача', '+375 232 96-11-96', 'Октябрьская ул., 117', 'Чёнки', 'Беларусь', 52.3451, 30.9673, 'Belarusian Restaurant', 1, 0, NULL, '10:00', '24:00', NULL, NULL, NULL, NULL, 0, 'admin', 'admin', NULL, NULL),
	(17, 0.00, 0, '4dfa253d62e1e9a243691063', 'Батьки / Бацькі', '+375 44 595-95-95', 'ул. Советская, 12', 'Гомель', 'Беларусь', 52.4282, 31.0126, 'Восточно-Европейский ресторан', 1, 0, 30, '10:00', '24:00', NULL, 'Белорусская', 0, 1, 1, 'admin', 'admin', NULL, NULL),
	(18, 0.00, 0, '4d81d4202ad9a143e6457a28', 'Буржуй', '+375 44 757-52-06', 'Артиллерийская ул., 6', 'Гомель', 'Беларусь', 52.4353, 31.002, 'Eastern European Restaurant', 1, 0, 0, '10:00', '24:00', NULL, 'null', 1, 0, 0, 'admin', 'admin', 'null', 'https://irs0.4sqi.net/img/general/960x575/58700102_v0H6k-m6xI-vZc7tiXjzGQrbgfXjXbtKn3edp_FBR-A.jpg'),
	(19, 0.00, 0, '50252cfce4b0b95e985d97c3', 'Beerloga', '+375 232 73-14-42', 'ул. Кирова, 123', 'Гомель', 'Беларусь', 52.4479, 30.9932, 'Café', 1, 0, NULL, '10:00', '24:00', NULL, NULL, NULL, NULL, 0, 'admin', 'admin', NULL, NULL),
	(20, 0.00, 0, '51aa39f7011cd19fbba8416f', 'Арлекино', '+375 29 314-44-44', 'просп. Космонавтов, 61', 'Гомель', 'Беларусь', 52.4571, 30.9603, 'Pizza Place', 1, 0, NULL, '10:00', '24:00', NULL, NULL, NULL, NULL, 0, 'admin', 'admin', NULL, NULL),
	(21, 0.00, 0, '4e1b58b51f6e24238ddf93ff', 'Ирина Сервис', '', 'Привокзальная пл.', 'Гомель', 'Беларусь', 52.4316, 30.9932, 'Café', 1, 0, NULL, '10:00', '24:00', NULL, NULL, NULL, NULL, 0, 'admin', 'admin', NULL, NULL),
	(22, 0.00, 0, '4f8f010d7b0c69f4f91c8cd5', 'Арлекино', '+375 29 234-44-44', 'ГИППО', 'Гомель', 'Беларусь', 52.4061, 30.9158, 'Pizza Place', 1, 0, NULL, '10:00', '24:00', NULL, NULL, NULL, NULL, 0, 'admin', 'admin', NULL, NULL),
	(23, 0.00, 0, '4eb2ca5f6da1df5f01f05543', 'Чабарок', '+375 44 722-26-54', 'Черниговское шоссе, 9-й км', 'Гомель', 'Беларусь', 52.3453, 31.0293, 'Restaurant', 1, 0, NULL, '10:00', '24:00', NULL, NULL, NULL, NULL, 0, 'admin', 'admin', NULL, NULL),
	(24, 0.00, 0, '51e3f326498e56b7bf9e58c7', 'Альфонсо', '', 'Брестская ул., 8', 'Гомель', 'Беларусь', 52.4136, 30.9489, 'Italian Restaurant', 1, 0, NULL, '10:00', '24:00', NULL, NULL, NULL, NULL, 0, 'admin', 'admin', NULL, NULL),
	(25, 0.00, 0, '4e513d181495fc2ca417c321', 'Пекин', '+375 232 58-68-28', 'ул. Головацкого, 19', 'Гомель', 'Беларусь', 52.4474, 31.0004, 'Chinese Restaurant', 1, 0, NULL, '10:00', '24:00', NULL, NULL, NULL, NULL, 0, 'admin', 'admin', NULL, NULL),
	(26, 0.00, 0, '4d9892a161a3a1cd1679d042', 'СпортПицца', '+375 29 677-77-77', 'Ирининская ул., 6', 'Гомель', 'Беларусь', 52.4299, 31.0114, 'Pizza Place', 1, 0, NULL, '10:00', '24:00', NULL, NULL, NULL, NULL, 0, 'admin', 'admin', NULL, NULL),
	(27, 0.00, 0, '52753e40498edf27e1ddb062', 'Shogun', '', 'Советская ул., 29а', 'Гомель', 'Беларусь', 52.4346, 31.009, 'Sushi Restaurant', 1, 0, NULL, '10:00', '24:00', NULL, NULL, NULL, NULL, 0, 'admin', 'admin', NULL, NULL),
	(28, 0.00, 0, '4dd915e5fa76ad96d14c92c1', 'Зубрёнок', '+375 29 161-66-66', 'Советская ул., 19', 'Гомель', 'Беларусь', 52.4287, 31.0128, 'Café', 1, 0, NULL, '10:00', '24:00', NULL, NULL, NULL, NULL, 0, 'admin', 'admin', NULL, NULL),
	(29, 0.00, 0, '52319c1f11d21355b2f670bb', 'Pierrot', '+375 232 71-71-37', 'ул. Пушкина, 14', 'Гомель', 'Беларусь', 52.4319, 31.0124, 'Café', 1, 0, NULL, '10:00', '24:00', NULL, NULL, NULL, NULL, 0, 'admin', 'admin', NULL, NULL),
	(30, 0.00, 0, '4e3c49741f6e844231d58e8f', 'Сити', '+375 29 154-04-30', 'просп. Октября, 46', 'Гомель', 'Беларусь', 52.4055, 30.9421, 'Café', 1, 0, NULL, '10:00', '24:00', NULL, NULL, NULL, NULL, 0, 'admin', 'admin', NULL, NULL),
	(31, 0.00, 0, '4db6a9e80437fa536a5b0a07', 'Джоконда / La Gioconda', '+375 232 71-95-54', 'Центральный стадион', 'Гомель', 'Беларусь', 52.4364, 31.011, 'Ice Cream Shop', 1, 0, NULL, '10:00', '24:00', NULL, NULL, NULL, NULL, 0, 'admin', 'admin', NULL, NULL),
	(32, 0.00, 0, '4fbd90ffa17cbcdd717c4eea', 'Портофино', '', 'КРЦ «Европа»', 'Гомель', 'Беларусь', 52.4233, 31.0142, 'Restaurant', 1, 0, NULL, '10:00', '24:00', NULL, NULL, NULL, NULL, 0, 'admin', 'admin', NULL, NULL),
	(33, 0.00, 0, '4fa69433e4b028d55adaa55a', 'Куба', '+375 232 48-05-84', 'ул. Богдана Хмельницкого, 96', 'Гомель', 'Беларусь', 52.4078, 30.9749, 'Café', 1, 0, NULL, '10:00', '24:00', NULL, NULL, NULL, NULL, 0, 'admin', 'admin', NULL, NULL),
	(34, 0.00, 0, '4ff72eaae4b01a84ed9f9aac', 'Арт-Пицца', '', 'просп. Победы, 12б', 'Гомель', 'Беларусь', 52.433, 31.0009, 'Pizza Place', 1, 0, NULL, '10:00', '24:00', NULL, NULL, NULL, NULL, 0, 'admin', 'admin', NULL, NULL),
	(35, 0.00, 0, '4f68e1ace4b053c517307686', '24/7', '+375 29 395-95-35', 'ул. Советская, 12', 'Гомель', 'Беларусь', 52.4275, 31.0128, 'Фастфуд', 1, 0, 0, '00:00', '24:00', NULL, 'Фастфуд', 1, 0, 1, 'admin', 'admin', NULL, NULL),
	(36, 0.00, 0, '4f9c2752e4b0e5be3f89ea6b', 'Мамина печка', '+375 232 47-06-89', 'ул. 60 лет СССР', 'Гомель', 'Беларусь', 52.4073, 30.9826, 'Café', 1, 0, NULL, '10:00', '24:00', NULL, NULL, NULL, NULL, 0, 'admin', 'admin', NULL, NULL),
	(37, 0.00, 0, '52fbb473498e0fbac1868471', 'Антикафе «Sweet Home»', '+375 29 131-30-37', 'Трудовая ул., 3а', 'Гомель', 'Беларусь', 52.4258, 31.0136, 'Café', 1, 0, NULL, '10:00', '24:00', NULL, NULL, NULL, NULL, 0, 'admin', 'admin', NULL, NULL),
	(38, 0.00, 0, '4dd15b69fa7664b7c6ed8e7c', 'Сердце Ангела', '+375 29 312-52-17', 'ул. Киселёва, 3/3', 'Гомель', 'Беларусь', 52.4289, 30.9919, 'Café', 1, 0, NULL, '10:00', '24:00', NULL, NULL, NULL, NULL, 0, 'admin', 'admin', NULL, NULL),
	(39, 0.00, 0, '52b6ba2f498ef4408ecbe029', 'Квартал', '', 'ул. Катунина', 'Гомель', 'Беларусь', 52.4247, 31.0036, 'Café', 1, 0, NULL, '10:00', '24:00', NULL, NULL, NULL, NULL, 0, 'admin', 'admin', NULL, NULL),
	(40, 0.00, 0, '4fc11c0ee4b0730dec0fd18e', 'Пино', '+375 29 652-43-71', 'ул. Ильича, 51Б', 'Гомель', 'Беларусь', 52.3926, 31.0295, 'Pizza Place', 1, 0, NULL, '10:00', '24:00', NULL, NULL, NULL, NULL, 0, 'admin', 'admin', NULL, NULL),
	(41, 0.00, 0, '4e306622fa7639e90126e846', 'Италия/Italia', '+375 232 77-67-55', 'ул. Пушкина, 14', 'Гомель', 'Беларусь', 52.4321, 31.0125, 'Italian Restaurant', 1, 0, 0, '10:00', '24:00', NULL, 'null', 1, 0, 0, 'admin', 'admin', 'null', 'https://irs3.4sqi.net/img/general/1440x1920/51723826_-U9tn2RpNFn1sptlHnoIiVov-fi6VvaG9Ghi9floR90.jpg'),
	(42, 0.00, 0, '4e611cadc65b2dc89f0b6646', 'Микс', '+375 29 533-33-33', 'просп. Октября, 41', 'Гомель', 'Беларусь', 52.4061, 30.9541, 'Pizza Place', 1, 0, NULL, '10:00', '24:00', NULL, NULL, NULL, NULL, 0, 'admin', 'admin', NULL, NULL),
	(43, 0.00, 0, '4dc6899bcc3ff3b304648894', 'Магеллан', '+375 29 699-97-97', 'просп. Ленина, 51', 'Гомель', 'Беларусь', 52.4298, 30.9975, 'Café', 1, 0, NULL, '10:00', '24:00', NULL, NULL, NULL, NULL, 0, 'admin', 'admin', NULL, NULL),
	(44, 0.00, 0, '4f96a987e4b0c9bdccb5540e', 'Ресторан «Гомель»', '+375 232 71-72-57', 'пл. Привокзальная, 1', 'Гомель', 'Беларусь', 52.4316, 30.9923, 'Restaurant', 1, 0, NULL, '10:00', '24:00', NULL, NULL, NULL, NULL, 0, 'admin', 'admin', NULL, NULL),
	(45, 0.00, 0, '4d9cadbcbaae54812be2e064', 'Арт Кафе', '+375 29 126-22-22', 'ул. Советская, 2', 'Гомель', 'Беларусь', 52.4261, 31.0136, 'Café', 1, 0, NULL, '10:00', '24:00', NULL, NULL, NULL, NULL, 0, 'admin', 'admin', NULL, NULL),
	(46, 0.00, 0, '4f17eab6e4b0ba01951ad186', 'Полешук', '+375 232 46-12-82', 'Речицкий просп., 91А', 'Гомель', 'Беларусь', 52.4074, 30.9242, 'Belarusian Restaurant', 1, 0, NULL, '10:00', '24:00', NULL, NULL, NULL, NULL, 0, 'admin', 'admin', NULL, NULL),
	(47, 0.00, 0, '4debc2bfae60e989237afb74', 'Хрустальный', '', '', 'Гомель', 'Беларусь', 52.3826, 31.0293, 'Restaurant', 1, 0, NULL, '10:00', '24:00', NULL, NULL, NULL, NULL, 0, 'admin', 'admin', NULL, NULL),
	(48, 0.00, 0, '4e10affc62e1d997a6991af3', 'Maxi', '+375 232 71-72-12', 'Советская ул., 46', 'Гомель', 'Беларусь', 52.4364, 31.0062, 'Café', 1, 0, NULL, '10:00', '24:00', NULL, NULL, NULL, NULL, 0, 'admin', 'admin', NULL, NULL),
	(49, 0.00, 0, '4e46c0bdd22d12b08bc5cca5', 'Арабика', '', 'Сквер им. Громыко', 'Гомель', 'Беларусь', 52.4318, 31.0113, 'Café', 1, 0, NULL, '10:00', '24:00', NULL, NULL, NULL, NULL, 0, 'admin', 'admin', NULL, NULL),
	(50, 0.00, 0, '4dfa1ed5483b4bf3e57a7c8f', 'Пиво без перерыва', '', 'просп. Ленина, 24', 'Гомель', 'Беларусь', 52.4273, 31.0022, 'Snack Place', 1, 0, 0, '10:00', '24:00', NULL, 'null', 1, 1, 1, 'admin', 'admin', '50000-150000', 'https://irs0.4sqi.net/img/general/960x720/77217980_JVvc3WQ-sVGLht9FGMxfCPqJPUrct1t3RDmxq0O_Kz8.jpg'),
	(51, 0.00, 0, '52036919498e3ec9eaba7e46', 'Золотой петушок', '+375 232 70-48-76', 'просп. Ленина, 20', 'Гомель', 'Беларусь', 52.4272, 31.0031, 'Café', 1, 0, NULL, '10:00', '24:00', NULL, NULL, NULL, NULL, 0, 'admin', 'admin', NULL, NULL),
	(52, 0.00, 0, '4f9e638be4b0ef2f723422c1', 'Кебаб Хаус', '+375 232 71-69-79', 'просп. Ленина, 33', 'Гомель', 'Беларусь', 52.4275, 31.0036, 'Kebab Restaurant', 1, 0, NULL, '10:00', '24:00', NULL, NULL, NULL, NULL, 0, 'admin', 'admin', NULL, NULL),
	(53, 0.00, 0, '4db7dc0704376df997676edf', 'Столовая облисполкома', '', 'просп. Ленина, 2', 'Гомель', 'Беларусь', 52.4238, 31.0108, 'Столовая', 1, 0, 0, '10:00', '24:00', NULL, 'Белорусская', 0, 0, 1, 'admin', 'admin', NULL, NULL),
	(54, 0.00, 0, '4fc5170ae4b035d6cb48d16b', 'Пятый угол', '+375 29 178-17-81', 'ул. Катунина, 2', 'Гомель', 'Беларусь', 52.4237, 31.0067, 'Café', 1, 0, NULL, '10:00', '24:00', NULL, NULL, NULL, NULL, 0, 'admin', 'admin', NULL, NULL),
	(55, 0.00, 0, '4dd2a3c7fa767fb707977284', 'Ривьера', '+375 232 74-13-80', 'ул. Баумана, 1', 'Гомель', 'Беларусь', 52.4256, 31.0188, 'Café', 1, 0, NULL, '10:00', '24:00', NULL, NULL, NULL, NULL, 0, 'admin', 'admin', NULL, NULL),
	(56, 0.00, 0, '4fca828fe4b06cdf3af89e2c', 'СССР', '+375 29 143-43-40', '1-я Техническая ул., 16а', 'Гомель', 'Беларусь', 52.3644, 31.0273, 'Ресторан', 1, 0, 12, '10:00', '24:00', NULL, 'Советская', 1, 0, 1, 'admin', 'admin', NULL, NULL),
	(57, 0.00, 0, '4fd4c3d6e4b0b31b8517198e', 'Ирина', '+375 232 70-36-44', 'Центральный парк культуры и отдыха им. А. В. Луначарского', 'Гомель', 'Беларусь', 52.4194, 31.0111, 'Café', 1, 0, NULL, '10:00', '24:00', NULL, NULL, NULL, NULL, 0, 'admin', 'admin', NULL, NULL),
	(58, 0.00, 0, '4f85aa5ce4b05ea63fa601fa', 'Гран-При Пицца', '+375 29 733-33-33', 'ул. Карповича, 17', 'Гомель', 'Беларусь', 52.4277, 30.999, 'Pizza Place', 1, 0, NULL, '10:00', '24:00', NULL, NULL, NULL, NULL, 0, 'admin', 'admin', NULL, NULL),
	(59, 0.00, 0, '4d2abc08467d6ea8d78fda95', 'Арлекино', '+375 29 314-44-44', 'Речицкий просп., 4', 'Гомель', 'Беларусь', 52.4173, 30.966, 'Pizza Place', 1, 0, NULL, '10:00', '24:00', NULL, NULL, NULL, NULL, 0, 'admin', 'admin', NULL, NULL),
	(60, 0.00, 0, '4d3f4e6f7a516ea8a28eb082', 'Бисквит', '', 'просп. Ленина, 34', 'Гомель', 'Беларусь', 52.4292, 30.9964, 'Café', 1, 0, NULL, '10:00', '24:00', NULL, NULL, NULL, NULL, 0, 'admin', 'admin', NULL, NULL),
	(61, 0.00, 0, '4e7ee52b29c25018a4f02818', 'Кудесница', '', 'просп. Победы, 11', 'Гомель', 'Беларусь', 52.4344, 31.0014, 'Café', 1, 0, NULL, '10:00', '24:00', NULL, NULL, NULL, NULL, 0, 'admin', 'admin', NULL, NULL),
	(62, 0.00, 0, '4ef5feb061af4546fd21b707', 'doPPio', '', 'ул. Билецкого, 5', 'Гомель', 'Беларусь', 52.4268, 31.0168, 'Café', 1, 0, NULL, '10:00', '24:00', NULL, NULL, NULL, NULL, 0, 'admin', 'admin', NULL, NULL),
	(63, 0.00, 0, '501b96c6e4b0d030d70b79b9', 'Юность', '', 'ул. Достоевского, 14', 'Гомель', 'Беларусь', 52.3846, 31.0214, 'Café', 1, 0, NULL, '10:00', '24:00', NULL, NULL, NULL, NULL, 0, 'admin', 'admin', NULL, NULL),
	(64, 0.00, 0, '503521e7e4b037c9b3173ad5', 'Итальянская таверна', '', 'ул. Билецкого, 4', 'Гомель', 'Беларусь', 52.4261, 31.0155, 'Italian Restaurant', 1, 0, NULL, '10:00', '24:00', NULL, NULL, NULL, NULL, 0, 'admin', 'admin', NULL, NULL),
	(65, 0.00, 0, '4d97889d942ba09360796f8c', 'Турист', '+375 232 57-48-68', 'ул. Советская, 58', 'Гомель', 'Беларусь', 52.4479, 30.9996, 'Restaurant', 1, 0, NULL, '10:00', '24:00', NULL, NULL, NULL, NULL, 0, 'admin', 'admin', NULL, NULL),
	(66, 0.00, 0, '5258049b11d2e91afd9a56c5', 'Подкова', '', 'ул. Мазурова, 28а', 'Гомель', 'Беларусь', 52.4503, 31.0224, 'Restaurant', 1, 0, NULL, '10:00', '24:00', NULL, NULL, NULL, NULL, 0, 'admin', 'admin', NULL, NULL),
	(67, 0.00, 0, '537fa558498eaced54be019a', 'Ponchi', '', 'просп. Победы', 'Гомель', 'Беларусь', 52.4348, 31.0061, 'Булочная', 1, 0, 0, '08:00', '22:00', NULL, 'null', 0, 0, 1, 'admin', 'admin', NULL, NULL),
	(68, 0.00, 0, '52b5e6b511d2bc66f7a018b2', 'Варенишна', '+375 29 640-05-40', 'Речицкий просп., 40', 'Гомель', 'Беларусь', 52.4072, 30.9334, 'Café', 1, 0, NULL, '10:00', '24:00', NULL, NULL, NULL, NULL, 0, 'admin', 'admin', NULL, NULL),
	(69, 0.00, 0, '4d360ac148098cfa5a8c4217', 'Kaffa', '+375 232 71-80-60', 'просп. Ленина, 34', 'Гомель', 'Беларусь', 52.4294, 30.9965, 'Café', 1, 0, NULL, '10:00', '24:00', NULL, NULL, NULL, NULL, 0, 'admin', 'admin', NULL, NULL),
	(70, 0.00, 0, '4dbd8d56a86e0e98a1fd4f07', 'Грандъ кафе', '', 'Советская ул., 16', 'Гомель', 'Беларусь', 52.4287, 31.0123, 'Café', 1, 0, NULL, '10:00', '24:00', NULL, NULL, NULL, NULL, 0, 'admin', 'admin', NULL, NULL),
	(71, 0.00, 0, '50db1668e4b0f0bf68e0a8b1', 'Шантан', '+375 232 78-23-08', 'ул. Хатаевича, 67а', 'Гомель', 'Беларусь', 52.445, 31.0194, 'Café', 1, 0, NULL, '10:00', '24:00', NULL, NULL, NULL, NULL, 0, 'admin', 'admin', NULL, NULL),
	(72, 0.00, 0, '4f8f04fc7b0c69f4f91d2038', 'Провинция', '+375 232 45-47-58', 'ул. Косарева, 25', 'Гомель', 'Беларусь', 52.4052, 30.9202, 'Pizza Place', 1, 0, NULL, '10:00', '24:00', NULL, NULL, NULL, NULL, 0, 'admin', 'admin', NULL, NULL),
	(73, 0.00, 0, '4f076805e4b07c8f8b08cd7d', 'Seven Fridays', '+375 232 74-61-01', 'просп. Ленина, 6', 'Гомель', 'Беларусь', 52.4246, 31.0098, 'Cocktail Bar', 1, 0, NULL, '10:00', '24:00', NULL, NULL, NULL, NULL, 0, 'admin', 'admin', NULL, NULL),
	(74, 0.00, 0, '51c1e843498e3151239a0300', 'Квартирник', '+375 44 766-02-99', 'Билецкий спуск, 1', 'Гомель', 'Беларусь', 52.4275, 31.0207, 'Bar', 1, 0, NULL, '10:00', '24:00', NULL, NULL, NULL, NULL, 0, 'admin', 'admin', NULL, NULL),
	(75, 0.00, 0, '4db3275aa86e8d27076a1737', 'Чисто пивной ресторанчик', '+375 29 193-93-93', 'ул. Братьев Лизюковых, 4А', 'Гомель', 'Беларусь', 52.4044, 30.96, 'Pub', 1, 0, NULL, '10:00', '24:00', NULL, NULL, NULL, NULL, 0, 'admin', 'admin', NULL, NULL),
	(76, 0.00, 0, '521ccf25498e17b837f62b9e', 'Red Pub', '+375 29 955-55-22', 'просп. Ленина, 10', 'Гомель', 'Беларусь', 52.4255, 31.0077, 'Pub', 1, 0, NULL, '10:00', '24:00', NULL, NULL, NULL, NULL, 0, 'admin', 'admin', NULL, NULL),
	(77, 0.00, 0, '4e29a0d27d8b61336198cb89', 'Гриль Хаус', '+375 232 71-39-42', 'ул. Кирова, 35', 'Гомель', 'Беларусь', 52.4325, 31.0051, 'Bar', 1, 0, NULL, '10:00', '24:00', NULL, NULL, NULL, NULL, 0, 'admin', 'admin', NULL, NULL),
	(78, 0.00, 0, '4e1741c8d22d512258777d15', 'Пятое колесо', '+375 33 331-10-07', 'ул. Кирова, 40', 'Гомель', 'Беларусь', 52.4353, 31.0024, 'Bar', 1, 0, NULL, '10:00', '24:00', NULL, NULL, NULL, NULL, 0, 'admin', 'admin', NULL, NULL),
	(79, 0.00, 0, '53b461a7498ee2ec873c7075', 'Red Star Lounge Bar', '', 'просп. Ленина, 10', 'Гомель', 'Беларусь', 52.4257, 31.0077, 'Lounge', 1, 0, NULL, '10:00', '24:00', NULL, NULL, NULL, NULL, 0, 'admin', 'admin', NULL, NULL),
	(80, 0.00, 0, '518bb57b498ea67bce0f3ddc', 'Танкобар «Ангар»', '+375 29 603-63-63', 'Волгоградская ул., 45', 'Гомель', 'Беларусь', 52.4097, 30.9506, 'Bar', 1, 0, NULL, '10:00', '24:00', NULL, NULL, NULL, NULL, 0, 'admin', 'admin', NULL, NULL),
	(81, 0.00, 0, '5224ce0411d2e80b1aaa5fe5', 'Kelly’s', '+375 232 20-50-00', 'Советская ул., 29а', 'Гомель', 'Беларусь', 52.4347, 31.0094, 'Cocktail Bar', 1, 0, NULL, '10:00', '24:00', NULL, NULL, NULL, NULL, 0, 'admin', 'admin', NULL, NULL),
	(82, 0.00, 0, '4f5bee34e4b0ea859913e296', 'Hollywood', '+375 44 746-15-47', 'ул. Коммунаров, 4', 'Гомель', 'Беларусь', 52.4265, 31.0121, 'Nightclub', 1, 0, NULL, '10:00', '24:00', NULL, NULL, NULL, NULL, 0, 'admin', 'admin', NULL, NULL),
	(83, 0.00, 0, '4dfce755227185f38b9673ea', 'Becker', '+375 232 74-92-23', 'Советская ул., 11', 'Гомель', 'Беларусь', 52.4272, 31.0137, 'Bar', 1, 0, NULL, '10:00', '24:00', NULL, NULL, NULL, NULL, 0, 'admin', 'admin', NULL, NULL),
	(84, 0.00, 0, '4dfa6414a809fe774224a5f9', 'Жигули', '+375 29 177-88-00', 'КРЦ «Европа»', 'Гомель', 'Беларусь', 52.4228, 31.0144, 'Sports Bar', 1, 0, NULL, '10:00', '24:00', NULL, NULL, NULL, NULL, 0, 'admin', 'admin', NULL, NULL),
	(85, 0.00, 0, '5228bc0111d2c5b343a6a202', 'SanRemo', '+375 44 599-59-91', 'Советская ул., 26а', 'Гомель', 'Беларусь', 52.4296, 31.0114, 'Karaoke Bar', 1, 0, NULL, '10:00', '24:00', NULL, NULL, NULL, NULL, 0, 'admin', 'admin', NULL, NULL),
	(86, 0.00, 0, '4e57d2c0483b0fb7715b04c7', 'Спартаковский замок', '+375 232 60-98-88', 'Советская ул., 63', 'Гомель', 'Беларусь', 52.4411, 31.0037, 'Pub', 1, 0, NULL, '10:00', '24:00', NULL, NULL, NULL, NULL, 0, 'admin', 'admin', NULL, NULL),
	(87, 0.00, 0, '535ed439498e56aa7b0f9574', 'Arena-Hall', '', 'РЦ «Континент»', 'Гомель', 'Беларусь', 52.4265, 31.0117, 'Karaoke Bar', 1, 0, NULL, '10:00', '24:00', NULL, NULL, NULL, NULL, 0, 'admin', 'admin', NULL, NULL),
	(88, 0.00, 0, '503e6508e4b0bbf1c32f0052', 'Гриль-бар', '+375 29 180-67-77', 'Континент', 'Гомель', 'Беларусь', 52.4264, 31.0117, 'Sports Bar', 1, 0, NULL, '10:00', '24:00', NULL, NULL, NULL, NULL, 0, 'admin', 'admin', NULL, NULL),
	(89, 0.00, 0, '4dc83cadb0fb860f173b46aa', 'Plaza', '+375 232 71-40-40', 'Советская ул., 66а', 'Гомель', 'Беларусь', 52.44, 31.0032, 'Nightclub', 1, 0, NULL, '10:00', '24:00', NULL, NULL, NULL, NULL, 0, 'admin', 'admin', NULL, NULL),
	(90, 0.00, 0, '4fbd9299a17cbcdd717c7b3e', 'Cafe de Paris', '+375 29 177-88-00', 'КРЦ «Европа»', 'Гомель', 'Беларусь', 52.4229, 31.0139, 'Lounge', 1, 0, 0, '10:00', '24:00', NULL, 'Franch', 0, 0, 0, 'admin', 'admin', NULL, NULL),
	(91, 0.00, 0, '4f0893f2e4b0fcefa8ad6f9d', 'Адмирал Бенбоу', '+375 232 77-72-02', 'ул. К. Маркса, 1', 'Гомель', 'Беларусь', 52.4315, 31.0165, 'Bar', 1, 0, NULL, '10:00', '24:00', NULL, NULL, NULL, NULL, 0, 'admin', 'admin', NULL, NULL),
	(92, 0.00, 0, '505f4423e4b09e9783f973be', 'Вавилон', '+375 29 643-30-20', 'ул. Ильича, 51', 'Гомель', 'Беларусь', 52.394, 31.0291, 'Bar', 1, 0, NULL, '10:00', '24:00', NULL, NULL, NULL, NULL, 0, 'admin', 'admin', NULL, NULL),
	(93, 0.00, 0, '4ffa0b9ee4b0a7f741d753c3', 'Браво', '+375 29 613-99-89', 'ул. Речицкая, 1а', 'Гомель', 'Беларусь', 52.4231, 30.9985, 'Nightclub', 1, 0, NULL, '10:00', '24:00', NULL, NULL, NULL, NULL, 0, 'admin', 'admin', NULL, NULL),
	(94, 0.00, 0, '50014f35e4b0a4b26cc4648f', 'Немо Клуб / Nemo Club', '+375 232 73-28-78', 'ул. Набережная, 2', 'Гомель', 'Беларусь', 52.414, 31.0093, 'Nightclub', 1, 0, NULL, '10:00', '24:00', NULL, NULL, NULL, NULL, 0, 'admin', 'admin', NULL, NULL),
	(95, 0.00, 0, '53b98c72498ed9a71eb09161', 'Chaikoff', '', 'ул. Кирова, 21А', 'Гомель', 'Беларусь', 52.4297, 31.0071, 'Coffee Shop', 1, 0, NULL, '10:00', '24:00', NULL, NULL, NULL, NULL, 0, 'admin', 'admin', NULL, NULL),
	(96, 0.00, 0, '4d272015f7a9224b0151e89f', 'Kaffa', '', 'Советская ул., 12', 'Гомель', 'Беларусь', 52.4275, 31.0128, 'Coffee Shop', 1, 0, NULL, '10:00', '24:00', NULL, NULL, NULL, NULL, 0, 'admin', 'admin', NULL, NULL);
/*!40000 ALTER TABLE `venues` ENABLE KEYS */;

-- Dumping data for table bronimesto.venue_photos: ~771 rows (approximately)
/*!40000 ALTER TABLE `venue_photos` DISABLE KEYS */;
REPLACE INTO `venue_photos` (`id`, `uid`, `venue_id`, `url`) VALUES
	(1, '52852a4111d21fd082b7291d', '5257f82f11d2f039160e2424', 'https://irs3.4sqi.net/img/general/960x720/49974010_CEbnp5XdCnKVHH4zJYb7o5QBe3_XFR9_GbWxNXrmwYE.jpg'),
	(2, '52b87bcd498eba1bbfde61bd', '5257f82f11d2f039160e2424', 'https://irs2.4sqi.net/img/general/960x720/59347947_AxYcAYIKZmXko2d1-Gaor4Du_3wpILjWUghKae0V2kI.jpg'),
	(3, '52b88382498e737329a29193', '5257f82f11d2f039160e2424', 'https://irs2.4sqi.net/img/general/960x720/59347947_Ojdzr7-C1_KR7dA4RpF6Dpy4rZsCW1T2hwW6YNdOZcA.jpg'),
	(4, '5257f92711d26b3d5465279a', '5257f82f11d2f039160e2424', 'https://irs1.4sqi.net/img/general/960x720/49974010_7YfcgjT_gxmH7fWVyRFgu6dTTl-mGLpRopIqLh4ci4o.jpg'),
	(5, '52852aef11d213f83d88ecbc', '5257f82f11d2f039160e2424', 'https://irs1.4sqi.net/img/general/720x960/49974010_sG_tVr8rbjPL2oQ60E-G6zeEbcbSKuomaisF7GHzP3M.jpg'),
	(6, '52e7f979498e511325adbe67', '5257f82f11d2f039160e2424', 'https://irs1.4sqi.net/img/general/720x720/59347947_yzWCYR_bme7aiJe-qmN6ub5vMTV84cgKVk14B4KpwLM.jpg'),
	(7, '5300f0b5498e95aaf946d736', '5257f82f11d2f039160e2424', 'https://irs0.4sqi.net/img/general/960x540/2331102_aqcIDm6SahSzLKLD5qx5JUJUYSLOTNvdhvjaG1FcDHI.jpg'),
	(8, '52a0bdc311d240ea5490931b', '5257f82f11d2f039160e2424', 'https://irs1.4sqi.net/img/general/720x720/61415295_GpQetO-K9f16T6TLB9lycpkDUufCjOa-Gxl_i63iKV4.jpg'),
	(9, '52ac8db811d240ed5d11ffb8', '5257f82f11d2f039160e2424', 'https://irs2.4sqi.net/img/general/720x960/73607201_6N6vd_tnD_nFotUKj50PrHZoVa3W8GKzLohKfKc1jpA.jpg'),
	(10, '52c34433498e10040a05e8fe', '5257f82f11d2f039160e2424', 'https://irs0.4sqi.net/img/general/720x720/28940663_C5p9LCTPXbLIstqs2F6qHx59k5Ydja44fgtBlWQ-LNg.jpg'),
	(11, '51ef9ae3498e68b4053981a8', '4daf28ab6e81e2dffdd82953', 'https://irs2.4sqi.net/img/general/720x960/60990622_dP58xET2kF_qw0-4IleqgTs72oE4XZIXhHevoLK9LsQ.jpg'),
	(12, '4fdb2f68e4b053167e9196b2', '4daf28ab6e81e2dffdd82953', 'https://irs3.4sqi.net/img/general/720x540/ER64n4xV1UhI2EurkdKQDpPA5lFOGbFDWZQZ3OUKEt4.jpg'),
	(13, '4dc80366a12d4e083503791d', '4daf28ab6e81e2dffdd82953', 'https://irs1.4sqi.net/img/general/540x540/ROPT45KUF0ISCIA4QYOPAUQZWFB21E2PY5GKIMWCW321ZELL.jpg'),
	(14, '51bf2096498e616993937b74', '4daf28ab6e81e2dffdd82953', 'https://irs2.4sqi.net/img/general/720x540/47490899_nSndp1zzV4FszDpnxAFQoMztVGrY_Rz73i4HTyqOtQk.jpg'),
	(15, '516c59ace4b025e799f64c4b', '4daf28ab6e81e2dffdd82953', 'https://irs2.4sqi.net/img/general/1440x1440/29414129_bJzQQPVuSKr5b4wS_vRqXP_wd2U92ec3YpATrWoWuW4.jpg'),
	(16, '51f678dd498e3a6b8a82f09a', '4daf28ab6e81e2dffdd82953', 'https://irs1.4sqi.net/img/general/720x960/61888943_SYjr6C77oTdQ3j8QMGIZD4DlOStzsdZR7G7_4G-S0gk.jpg'),
	(17, '4fe1b97fe4b0b79ab9f0d975', '4daf28ab6e81e2dffdd82953', 'https://irs3.4sqi.net/img/general/540x720/eHlBUtPvFKfs5-hXGxINOq7zAQepDPYsIF4RY2oDUcc.jpg'),
	(18, '51a72256498e79640319eeac', '4daf28ab6e81e2dffdd82953', 'https://irs3.4sqi.net/img/general/960x720/17531686_eckyrma2a0TLYirjt7NbRVIFvEIJXpg6RbpJlnP2wRQ.jpg'),
	(19, '50aca65ce4b0977f85ae008f', '4daf28ab6e81e2dffdd82953', 'https://irs0.4sqi.net/img/general/720x537/41123967_xHKsKGCTF8Pt_3FeeKsFIldp7RHGLw6APg08y9IzYEY.jpg'),
	(20, '519f6309498ec0c0020e9249', '4daf28ab6e81e2dffdd82953', 'https://irs2.4sqi.net/img/general/960x720/17531686_Jah0_5UyCnBAdy1TDYUWDOsF8xeBZTNMhdjbfUlV05s.jpg'),
	(21, '50e58cdce4b0bb011b53453f', '4d218fb2e56f6ea8bd347e1d', 'https://irs1.4sqi.net/img/general/720x960/13514688_vzH0lKZxeQ6N3-ZLPwanBaCZkhVL8e7sqgY8U7blfvA.jpg'),
	(22, '512b3cdde4b058a84edc29e8', '4d218fb2e56f6ea8bd347e1d', 'https://irs1.4sqi.net/img/general/720x720/47638938_Go5f_8ZwgYxzWIJGLDr3YsauZL2NJ95Azf2Ia0qd4co.jpg'),
	(23, '4e2b0501d22d3f83c88a5343', '4d218fb2e56f6ea8bd347e1d', 'https://irs0.4sqi.net/img/general/720x537/KAXL0GVOIS22DMBUSXTRT3VDQEI5TPXSSZPW1LNRIEU52IK1.jpg'),
	(24, '509e09d0e4b00adc5df98e22', '4d218fb2e56f6ea8bd347e1d', 'https://irs3.4sqi.net/img/general/720x537/41123967_1To1b-B1L0dGWVgVvHfDXp04Ogb5TmhMjCe_jzlu6TY.jpg'),
	(25, '513dfa54e4b01b2f80568308', '4d218fb2e56f6ea8bd347e1d', 'https://irs1.4sqi.net/img/general/960x723/50009980_mOCoZNdi8uxfiekettE02BKagMztzEdTRBczr3FYMgw.jpg'),
	(26, '50409541e4b05127f7446c8f', '4d218fb2e56f6ea8bd347e1d', 'https://irs0.4sqi.net/img/general/540x720/v7rway0fjBYgDVcQHU7modNEPdbxuVycTm7yH2hucSY.jpg'),
	(27, '510400fbe4b0b154cb4ba92d', '4d218fb2e56f6ea8bd347e1d', 'https://irs0.4sqi.net/img/general/540x720/26779458_eM5qVsma4Z_qQSIvXYESE2p5if6T5quhV5TrZQdsRUc.jpg'),
	(28, '5177cefee4b088cec9440a53', '4d218fb2e56f6ea8bd347e1d', 'https://irs2.4sqi.net/img/general/717x959/44203322_gr874LMawcWURecQ5k1Qvg3mFyBVBG3lEBoL_Ov640M.jpg'),
	(29, '51040153e4b05ec856edfee1', '4d218fb2e56f6ea8bd347e1d', 'https://irs0.4sqi.net/img/general/540x720/26779458_hJfAjNDIhI9D7HcR5QRplzURkYBDIoVQabY-h6ikzlM.jpg'),
	(30, '4e636a4cae60e9edf62931ba', '4d218fb2e56f6ea8bd347e1d', 'https://irs2.4sqi.net/img/general/720x537/XNHVDKDXJTG4XRNTU2TX2MSNZBRR1BI2EMNKJG0TEDFDEWO2.jpg'),
	(31, '5172c294e4b09fc937464e6c', '4ead436aa17c199864d89b72', 'https://irs3.4sqi.net/img/general/1434x1918/9613583_TqSF0C6GP5VtIzpkWoFawQ_bPlWTh8EKRIT6Khf1up4.jpg'),
	(32, '5006f55ae4b0ece4060cfa16', '4ead436aa17c199864d89b72', 'https://irs2.4sqi.net/img/general/641x540/5yTKE6A0pZ9uWl3Y10kCYUH_6pjvkRoma8UE4LkNJMI.jpg'),
	(33, '51f14143498e2fe6d5eb0a6a', '4ead436aa17c199864d89b72', 'https://irs0.4sqi.net/img/general/960x720/29414129_54KMNA9liQj35ydIstZjMjHMWUu1-6l6ih-Whk2VIx8.jpg'),
	(34, '51aa3088498ebb2eef10cf30', '4ead436aa17c199864d89b72', 'https://irs1.4sqi.net/img/general/960x720/57448108_6Os40P2-oNEm6T8Czfgyalya2zk-UJwdIG61ZuNijvo.jpg'),
	(35, '50561756e4b0719d68ac1381', '4ead436aa17c199864d89b72', 'https://irs3.4sqi.net/img/general/540x720/2749399_UQX71RYdSSQXxNkBSevDGBePGgdFLMMKut6cHSr83QI.jpg'),
	(36, '5149f987f136231dbe8ae447', '4ead436aa17c199864d89b72', 'https://irs3.4sqi.net/img/general/640x465/45329568_41Nt_W8PrwR3JXdEaEPEaaTyVYGO5F_YEMSyAsJNtlY.jpg'),
	(37, '5212427f11d2ff371c5accb1', '4ead436aa17c199864d89b72', 'https://irs3.4sqi.net/img/general/543x960/5677038_UFGoP4u_lcJuije1IcUeuYUYvmX41tCG9mM_8rsO_5E.jpg'),
	(38, '516abc80e4b06a5bc244255c', '4ead436aa17c199864d89b72', 'https://irs1.4sqi.net/img/general/612x612/44023412_xm0gLYbEEdYX9DamrVuLzpQcrBHndh8Prx7Sx7t5J_4.jpg'),
	(39, '4e7278b7ae60854eea3732dd', '4ead436aa17c199864d89b72', 'https://irs2.4sqi.net/img/general/720x537/2UZNPHLO1M4AANIL1NLECMHN2SJMYLPZN0WMEOWKBFD4IURM.jpg'),
	(40, '51cf3c59498ed21d455b33c3', '4ead436aa17c199864d89b72', 'https://irs0.4sqi.net/img/general/717x959/58590993_tzdzEYb5YV_h3NQ6VZVrTlgCRUyo-FgaxkqbI6eCaPE.jpg'),
	(41, '52a83782498e3584d46e6510', '52a1ff89498ee35eb81e654d', 'https://irs1.4sqi.net/img/general/640x640/61415295_z7-h6dC-yGvobguRzF1sm7nJjIhl8lrlGilBoNH8JDk.jpg'),
	(42, '531851e611d227d6fdfd2cb3', '52a1ff89498ee35eb81e654d', 'https://irs3.4sqi.net/img/general/960x720/71833846_XLXh8f2um-QKgzflXo9LNMXHkckT2E6U8uPmRzV2ZZs.jpg'),
	(43, '52b0651b498e4ec333fd0e96', '52a1ff89498ee35eb81e654d', 'https://irs0.4sqi.net/img/general/640x640/61415295_EZd90tOiYgT2xtgGgC8FNMuNAez_vr5Crgt4EWb8UyI.jpg'),
	(44, '52d82e4e498ec5c2dd41baa2', '52a1ff89498ee35eb81e654d', 'https://irs2.4sqi.net/img/general/720x960/41956343_fiKcaouyszU29oxoMucaD-B8r_EkmNepW7yEZ4Hc_38.jpg'),
	(45, '5308e61c498e6152e8b4663d', '52a1ff89498ee35eb81e654d', 'https://irs1.4sqi.net/img/general/960x720/79682380_R9cKA1KHUKJefg4LYvfkhrNxxgVeC8kn4aM9RB3bKk0.jpg'),
	(46, '53fb472f498e6073b2d01e9a', '52a1ff89498ee35eb81e654d', 'https://irs1.4sqi.net/img/general/676x960/92314978_WMzjHkytXmbPoGtJnMXbH0y7ZN73yQKlSGo9LKFeeMk.jpg'),
	(47, '54491b1c498ef8762d0464dc', '52a1ff89498ee35eb81e654d', 'https://irs3.4sqi.net/img/general/720x960/55009944_Pjq32cay4_tekjx_BxLz8fZQzWRZp_SpltqKrhOFthA.jpg'),
	(48, '531b62db498eb849e674745f', '52a1ff89498ee35eb81e654d', 'https://irs1.4sqi.net/img/general/960x720/71833846_D4y9pxzLlEPsiKSe7tKbZ9r5ILIYFe0qa19-qTIWlPs.jpg'),
	(49, '53a4226911d23eec1405ad7e', '52a1ff89498ee35eb81e654d', 'https://irs1.4sqi.net/img/general/720x960/44936145_74ukVsYNp5jF0cUDkXYDLhwauye3gYPTjGta7h9RDlM.jpg'),
	(50, '513f8d2be4b0c2b515d8ba87', '513b4744e4b0ab90b6b11baf', 'https://irs2.4sqi.net/img/general/720x540/40517734_9lTpB-E6dJXEJUVzt3dy5Q275_QqNib85ZQgSAQ95yo.jpg'),
	(51, '5175805de4b05b643cf6ceba', '513b4744e4b0ab90b6b11baf', 'https://irs0.4sqi.net/img/general/960x720/24796953_5voNjCthjtu4LQT5x00veert5wYum8t_jA5sL0sx9uA.jpg'),
	(52, '51696f71498e7c7b9c2e94ff', '513b4744e4b0ab90b6b11baf', 'https://irs2.4sqi.net/img/general/1920x1440/52132439_BntMN8yrQEDgJaepwucgEBh3IlMELMZPfXojk9r1x64.jpg'),
	(53, '51d7fce1498e240a63236373', '513b4744e4b0ab90b6b11baf', 'https://irs2.4sqi.net/img/general/720x960/55216735___qRZnxSgVsKHoDq3am7v83UtllhfeoS-9S6Nn7nN-w.jpg'),
	(54, '51d22fb8498e82186aa4047a', '513b4744e4b0ab90b6b11baf', 'https://irs2.4sqi.net/img/general/720x960/53419761_AlMQxsVp7AfqNp9gGHA8uguVlx5jP4PIrvOO2o_gCJ0.jpg'),
	(55, '517d13bae4b0ea421f527291', '513b4744e4b0ab90b6b11baf', 'https://irs1.4sqi.net/img/general/960x960/54674290_3MYlBEeNM2RnQCjqVKs95g6bsQRDeWKWyNIfNiEp_k0.jpg'),
	(56, '513f0e76e4b0d0aa976fce8c', '513b4744e4b0ab90b6b11baf', 'https://irs1.4sqi.net/img/general/960x720/41350495_SgMdjO2lJ0JLrwJNJHUnoYNBGChtxcWBt-i2q780p3Y.jpg'),
	(57, '517d14f0e4b0db4bcbce48a6', '513b4744e4b0ab90b6b11baf', 'https://irs3.4sqi.net/img/general/960x960/54712477_pWXKmww8bIMfMzngWoxTWC8NRmgcUD7cwxGnqJB40gg.jpg'),
	(58, '51d22b38498e5a4051adf8ad', '513b4744e4b0ab90b6b11baf', 'https://irs1.4sqi.net/img/general/720x960/53419761_pOIwmPwEcKM41bP_yoFrS0wlqElroXzIq-2pFwkTbIc.jpg'),
	(59, '5145df80e4b01d5377fb35c4', '513b4744e4b0ab90b6b11baf', 'https://irs0.4sqi.net/img/general/717x959/44203322_BwJiZ18miAA4JF8LfL5UZ37myTL5HRlkMejh7qIQ3QQ.jpg'),
	(60, '50819031e4b03eedbd7e4e5d', '4ec91f85f5b9e8819470e40a', 'https://irs3.4sqi.net/img/general/720x540/23064403_qOcXdvYTLYk7KcnStvHsl1JLOo2U9saQWFbrdf9HPAA.jpg'),
	(61, '510ff49fe4b048d8936d0c51', '4ec91f85f5b9e8819470e40a', 'https://irs2.4sqi.net/img/general/717x959/38440380_pcEs3_r40ppoHAWu5mFRGBvw_LbRzyTQvMqfq7WZkIo.jpg'),
	(62, '518d3fed498e7c198859658a', '4ec91f85f5b9e8819470e40a', 'https://irs2.4sqi.net/img/general/960x960/27017164_UHIoNUfmtKzihXbvsQDrDNoZiDPq5CIuRkfJ1OPw_2M.jpg'),
	(63, '4f085d22e4b0d6422ac00557', '4ec91f85f5b9e8819470e40a', 'https://irs3.4sqi.net/img/general/720x431/SF5UCVANAWS2DOWYOVIX4MXH2RGTW0HL1IRNGISUY5MLFJ0Y.jpg'),
	(64, '504236fde4b0068b20afa366', '4ec91f85f5b9e8819470e40a', 'https://irs1.4sqi.net/img/general/537x720/-q3XpasQpdvbdpbtj7QButPzaXgrXBr0qhl4YNwQkWs.jpg'),
	(65, '511146a1e4b016e0d69edada', '4ec91f85f5b9e8819470e40a', 'https://irs1.4sqi.net/img/general/960x720/7556457_u_elCArlKaqcJmjyi-jWKcWlN9zEIQHVCZIXJzT2Fts.jpg'),
	(66, '4fd1cfa7e4b0141520d030a2', '4ec91f85f5b9e8819470e40a', 'https://irs2.4sqi.net/img/general/540x720/dzsZc3gEfXIPceJit724o-ZzrsLtZvyqXuasrYVV0SE.jpg'),
	(67, '505e2d38e4b03a383abed267', '4ec91f85f5b9e8819470e40a', 'https://irs0.4sqi.net/img/general/720x540/36272387_XMYFyj7GUMBHX7ABmB8Jy2ybEoB8d8bIX7Y0Y61eYlw.jpg'),
	(68, '51434587e4b0df06d50a6913', '4ec91f85f5b9e8819470e40a', 'https://irs3.4sqi.net/img/general/960x720/30381285_bvLOfI1jgPI92sTLrBeFj0_w1d2SOv9uur6WhQWI_L0.jpg'),
	(69, '51c5ec91498e8dcda200bc8c', '4ec91f85f5b9e8819470e40a', 'https://irs3.4sqi.net/img/general/960x720/58334734_EZG84DgjYSWyqM5tsJRSrlKC9sRByovlh3Wm4Nu1hbg.jpg'),
	(70, '4fd4a10fe4b0d45a95cf5afb', '4c94eecb94a0236aa3259112', 'https://irs0.4sqi.net/img/general/540x720/B0VTaCPtYeWhp-NYe_QdSCesPPsO_SgaaGkR8lsC8cA.jpg'),
	(71, '4fd33010e4b04b44f441e25c', '4c94eecb94a0236aa3259112', 'https://irs1.4sqi.net/img/general/540x720/0wZHpwv7JsCrkkdU2imkmqlOxxXxcPa05jTJDW3K8eY.jpg'),
	(72, '51420cdde4b0601fd51b7c5e', '4c94eecb94a0236aa3259112', 'https://irs0.4sqi.net/img/general/717x959/50586229_BX_kBB5PELv_ckZDUv0OBvy0Ljh-l1pAN9eAkO26fxo.jpg'),
	(73, '50e42882498edcca02ccbede', '4c94eecb94a0236aa3259112', 'https://irs3.4sqi.net/img/general/612x612/15508685_grLuY3dQUgK-ViAso-oBCd0A8j_UrUfKDOsGXI_1BSI.jpg'),
	(74, '51586c60e4b0bf32ffc23577', '4c94eecb94a0236aa3259112', 'https://irs0.4sqi.net/img/general/960x720/34576083_iyyYGLG49E8-fBMtrYGas0_aomV0KRM-sLU5nxosE8c.jpg'),
	(75, '50e9c4f9e4b0dfcb1ab27d54', '4c94eecb94a0236aa3259112', 'https://irs3.4sqi.net/img/general/540x720/38118462_WyIdRCSFvkzCLCjB8dvR-0GUTEpQ1m346BT-XSAsCfU.jpg'),
	(76, '50e42388e4b0fe5be7da218c', '4c94eecb94a0236aa3259112', 'https://irs0.4sqi.net/img/general/720x720/15508685_nWTMEugz0h2r72DYdtIEfbjvdo5YDfq49QzkhvOh-Ac.jpg'),
	(77, '5160134ae4b05b2fa6c4d9bc', '4c94eecb94a0236aa3259112', 'https://irs2.4sqi.net/img/general/720x720/19223586_gDEb-QosQ2f-OemC-y-v0ewceS9PuAQ9nLpb467ek-M.jpg'),
	(78, '518d5c25498e11df75d7e52f', '4c94eecb94a0236aa3259112', 'https://irs3.4sqi.net/img/general/800x852/27421838_fUVcGzN-aujARMHi5XgKsHMPqAJtgkdrmJn69Ox9XaQ.jpg'),
	(79, '5135e2f7e4b0711008a7e646', '4c94eecb94a0236aa3259112', 'https://irs1.4sqi.net/img/general/612x612/44159172_6ppkLGphNRBeGz-nx5m21oUOnb2JNXMWHKMcERXQ5M4.jpg'),
	(80, '5232cbf511d2b8cecca05898', '4fe0a6dfe4b0b4adf604ceb8', 'https://irs3.4sqi.net/img/general/720x720/65618149_w9_6QElPz2JVA5Cu2OSIbFxYqOz4gpgmVbtQuXpFBRs.jpg'),
	(81, '5232ccfb11d28a78fad2eb74', '4fe0a6dfe4b0b4adf604ceb8', 'https://irs1.4sqi.net/img/general/720x720/65618149_2bIRQ82J3IEEMrimaIJcNL7SMt5yqD5otFYcDVOVzh0.jpg'),
	(82, '5040ed9de4b08976e902dfdb', '4fe0a6dfe4b0b4adf604ceb8', 'https://irs2.4sqi.net/img/general/540x720/Lh2WtLNqNqRsdaF71XcdR6yEODNUPb_xT6n5qid0ho4.jpg'),
	(83, '5247e07311d251f2410d6c16', '4fe0a6dfe4b0b4adf604ceb8', 'https://irs3.4sqi.net/img/general/960x720/66094253_HkQwZXFMu8SW8hIZnf2bFYJnnKZZBvMY4AVfLooh5As.jpg'),
	(84, '5249a627498e6a337b83e778', '4fe0a6dfe4b0b4adf604ceb8', 'https://irs1.4sqi.net/img/general/717x959/65618149_bNXRTELEbwppjwuON8JpwdKCLpwXhnuvohRijLzVFiY.jpg'),
	(85, '5232caa011d206fd496d4ff8', '4fe0a6dfe4b0b4adf604ceb8', 'https://irs1.4sqi.net/img/general/717x959/65618149_PDr1WH-yQnMiSRegO5wh3zEBGZXeyv3n3XZi7eXBArA.jpg'),
	(86, '5249a61411d224c2fc5fcd4f', '4fe0a6dfe4b0b4adf604ceb8', 'https://irs2.4sqi.net/img/general/717x959/65618149_m5br979AnBd14rM9775SBvaf2hI75Xa0NK86LFc-mn8.jpg'),
	(87, '5232cda7498e5e4e359ca93e', '4fe0a6dfe4b0b4adf604ceb8', 'https://irs0.4sqi.net/img/general/717x959/65618149_q2-V8lcrEdlGN3OFlFEsffJ9TYNi-64fBhkRx1AlnQA.jpg'),
	(88, '5232ccb511d23610db4ded28', '4fe0a6dfe4b0b4adf604ceb8', 'https://irs1.4sqi.net/img/general/717x959/65618149_Kf8MKskGhSjUp1vp6o3sZlcRevrVlur9GhqqN9a74Xw.jpg'),
	(89, '5232cd8a498e67bf6a95d31f', '4fe0a6dfe4b0b4adf604ceb8', 'https://irs2.4sqi.net/img/general/717x959/65618149_RTRmV2tjHVegNr2bj3MgB6slhYeGt5WvC8ZLGhPZI0U.jpg'),
	(90, '502a34bae4b0f12a43abe085', '4e2871c8ae60078b2fcb59ba', 'https://irs1.4sqi.net/img/general/720x540/5Kp_8OnHQ28u7KXzOvpCgAiKeF2KomL6wdnrdRyv1Lw.jpg'),
	(91, '51bc59e8498e456095f446ed', '4e2871c8ae60078b2fcb59ba', 'https://irs3.4sqi.net/img/general/720x803/23064403_Bb9NBOBdKxHSD2FFzlH-mqUceZoAIJkgYLiC3Skflgs.jpg'),
	(92, '51b211b2498e74713d098589', '4e2871c8ae60078b2fcb59ba', 'https://irs1.4sqi.net/img/general/720x960/49188376_1xvJ-pf997hGPJAsrS4OoQOPMJvI7xvTFmbaKBBw5QI.jpg'),
	(93, '4e287a776284ab5e8ad4fb65', '4e2871c8ae60078b2fcb59ba', 'https://irs1.4sqi.net/img/general/720x537/RVW0T3NRRNT3B2TSBKR5ZJVSCPSMBCBO1ETLUG2E0TNOA4XC.jpg'),
	(94, '4e291c6d483baa86515cdf31', '4e2871c8ae60078b2fcb59ba', 'https://irs0.4sqi.net/img/general/720x537/MK2H2YWUVT30VBB4QSXYJJLDKBUG41P0G1JKGRFS5VX3B31G.jpg'),
	(95, '505f4cabe4b0643fc3c7cb37', '4e2871c8ae60078b2fcb59ba', 'https://irs2.4sqi.net/img/general/720x540/18654789_MdEBOEYKQkJhSpJDKl2_xDEh9honoPYf1weDCsT7sXU.jpg'),
	(96, '5195e8a7498e0d2b017be007', '4e2871c8ae60078b2fcb59ba', 'https://irs2.4sqi.net/img/general/960x541/31042324_Dybh9nhvLEtFpVkioQYIM3xeRJADIJgAyPRtpUnqgpo.jpg'),
	(97, '50e8202ae4b0f090bd5bcf91', '4e2871c8ae60078b2fcb59ba', 'https://irs2.4sqi.net/img/general/720x960/30478480_c7bA0Tg-KYBR_jFryL9JMo2j_0L-qVAKfOVry_uy1tQ.jpg'),
	(98, '5149fcbff136231dbe90af2f', '4e2871c8ae60078b2fcb59ba', 'https://irs1.4sqi.net/img/general/640x427/45329568_M1_gYgMUzDIRgiWgA9inXhlS4NH54ufWEdZkZ-ZNoa8.jpg'),
	(99, '521382fd11d22f019c0c59a0', '4e2871c8ae60078b2fcb59ba', 'https://irs0.4sqi.net/img/general/720x540/47316166_-bo3BNwDyxPrECrrdai1b7IZxDHmZA26qVglgwYuXsI.jpg'),
	(100, '5149f951f136231dbe8a7c9e', '4d580480e319a1cda45d0b34', 'https://irs1.4sqi.net/img/general/1008x666/45329568_tKvBPuTLtnvUMkxcc6J8U709yAfjFDZNrk1PLd2Ezyw.jpg'),
	(101, '507977e8e4b07018b64e80bd', '4d580480e319a1cda45d0b34', 'https://irs1.4sqi.net/img/general/720x540/4371035_fQtbDxPLH7rAo52F_tkPr1NExoq2lR8tiZ2wNC0weqo.jpg'),
	(102, '51ed6711498efa3cc4bbe413', '4d580480e319a1cda45d0b34', 'https://irs0.4sqi.net/img/general/960x720/32886852_Gvbzzh9Op7H2g-4ZESfAHf2K308C3XNYPURCtUv5x5E.jpg'),
	(103, '5083e6c0e4b08a31a8e62fa6', '4d580480e319a1cda45d0b34', 'https://irs2.4sqi.net/img/general/537x720/27644945_lNLcPsyyn7aDl6Ij4wqwIJB0hpK2-G00-NupUfpASSs.jpg'),
	(104, '51250a67e4b0c18c952f3fe8', '4d580480e319a1cda45d0b34', 'https://irs2.4sqi.net/img/general/720x540/32886852_P7e-TkcABKMPK8VjX4VcZ5cmx60l8Cr7eOu8JQ7xx7M.jpg'),
	(105, '511bb806e4b00516c1710537', '4d580480e319a1cda45d0b34', 'https://irs3.4sqi.net/img/general/720x540/41350495_AHzPomEiXG1AH2YX-mzKYHZ3gmqoiHAqb5AguFG8uXU.jpg'),
	(106, '510810e0e4b0bf405878b30b', '4d580480e319a1cda45d0b34', 'https://irs0.4sqi.net/img/general/720x720/44191585_ua7zdFBCBGrjYiGiw3yn3vXSdgaw6FDVoFk-imAjliU.jpg'),
	(107, '51db24eb498ee5d490e796a1', '4d580480e319a1cda45d0b34', 'https://irs0.4sqi.net/img/general/960x720/36360201_OaFXykIL421dSzsUDbB2TfTor7IxIyIwWMgSQxfAm7I.jpg'),
	(108, '5238c63211d2e4d4abf6541c', '4d580480e319a1cda45d0b34', 'https://irs3.4sqi.net/img/general/612x612/61415295_dQg3ZyOkO75aBZFHpr6Qu3tQI_52-1o7-V-1MEUoQ2g.jpg'),
	(109, '51bc4e6f498ed3899f70dbee', '51b1b28a498e57989d115383', 'https://irs2.4sqi.net/img/general/612x612/19412118_Fw09UfwZqKeZn1siotZvjyLKSSTAAtGu4RPI9o5hGzE.jpg'),
	(110, '52036671498e913066066a44', '51b1b28a498e57989d115383', 'https://irs0.4sqi.net/img/general/720x960/30804608_wUR-gi137dciTNuRCzF9sQTJOQOtUe5x5XuMYG7ALjI.jpg'),
	(111, '51e58c92498e3c3bf981d1b7', '51b1b28a498e57989d115383', 'https://irs3.4sqi.net/img/general/960x960/57762530_FzcUmvsZ4boTuWAGtGMbwdDoV2CG-tbUBKx5Aw0-sbM.jpg'),
	(112, '51bb61b5498ebdfb7d3d18a3', '51b1b28a498e57989d115383', 'https://irs1.4sqi.net/img/general/720x960/19412118_M7L3_UsqzGlBtS1WKWyG9SkH5yhbxa39xBWFfBnQ_UE.jpg'),
	(113, '524d9d80498eb63ec4934e6f', '51b1b28a498e57989d115383', 'https://irs1.4sqi.net/img/general/960x720/67025842_oQ9I_dYSEb3Qhxxz-rCxALM5fvGzzJYd2-nmt_3Pd-c.jpg'),
	(114, '521a246611d20392860095fd', '51b1b28a498e57989d115383', 'https://irs3.4sqi.net/img/general/720x720/9410859_3OIqCVbFeMwrm8p6kZKg82BAfvx7Yj2gukBJYmc-RFA.jpg'),
	(115, '51ffe795498ed1fb54f60584', '51b1b28a498e57989d115383', 'https://irs3.4sqi.net/img/general/960x720/39877833_A1Feg0TcN1EhdwhSXta0QYfysP-O5V-sHak4dZy4M5A.jpg'),
	(116, '51bb2f2f498eebae82bbcfd7', '51b1b28a498e57989d115383', 'https://irs0.4sqi.net/img/general/720x960/19412118_kHmM6oo5EFHEwXMulEgiFu1awQalnJ6r0A4BiafRZ-M.jpg'),
	(117, '5227149811d22a48a1a5d329', '51b1b28a498e57989d115383', 'https://irs2.4sqi.net/img/general/612x612/57816096_2r-GjV9ESUvZF9e76raU_Ow6-o0F8DAt_q6qODaxBWQ.jpg'),
	(118, '51f96209498efc085793652f', '51b1b28a498e57989d115383', 'https://irs0.4sqi.net/img/general/720x960/48985503_fx-wfkovLRmRUruSeMlhJ5aZJnhgfsZrs_RHeN7GB2c.jpg'),
	(119, '5149f87be4b02071f73ff77f', '4db9513a0437609120fedd65', 'https://irs2.4sqi.net/img/general/720x720/47969422_gqwKWuBKxVoZ6DS97snJA31wx7OEkahVE_YsAjc_Yqw.jpg'),
	(120, '51816608498e7801fcc3743c', '4db9513a0437609120fedd65', 'https://irs2.4sqi.net/img/general/612x612/15172232_DSrFLGspy3ref4eOtjn2N7tclZuYS5pE2kDnC_UB480.jpg'),
	(121, '5114ff4be4b0922f30adbaa4', '4db9513a0437609120fedd65', 'https://irs1.4sqi.net/img/general/959x717/36154322_LSdVlMcwXGR2OaVPPLLRfAjzdMm5WxbLxmVth9m3l6U.jpg'),
	(122, '5124e9eae4b06607189f5453', '4db9513a0437609120fedd65', 'https://irs1.4sqi.net/img/general/640x359/42007375_y3MEotKo3jld8NJWOO6qnjPNdOQQqXR87BZF8ehW2eo.jpg'),
	(123, '4fd22cece4b0b8959501800d', '4db9513a0437609120fedd65', 'https://irs2.4sqi.net/img/general/720x537/EmjqcbizXxUPpHTBYfIkGI86LVU45PUTG7gZ-PWXbwA.jpg'),
	(124, '503106cee4b0f9a2de1f0703', '4db9513a0437609120fedd65', 'https://irs2.4sqi.net/img/general/540x720/3mkCklDGlPkJuJOeAZk8DvboC4X7gZ6RYhswdXiJCQQ.jpg'),
	(125, '50eae5c9e4b049755615fa35', '4db9513a0437609120fedd65', 'https://irs2.4sqi.net/img/general/960x720/31963079_Ub1Hu2u63Us0dsCUwXbz25snUKPr8CARbDQ_RQfemN0.jpg'),
	(126, '50eae209e4b05301de38e4f8', '4db9513a0437609120fedd65', 'https://irs3.4sqi.net/img/general/720x960/31963079_20Y4-P6uu16T2PhRU0JkTngJvqRFUw3W0jOlHC1MLQo.jpg'),
	(127, '4df390f840a306deacffecf1', '4db9513a0437609120fedd65', 'https://irs2.4sqi.net/img/general/720x537/D1LYAUTWTKAYQKXYGSGUBXRL2EUEA31LCG140HC0M4U0B44Z.jpg'),
	(128, '50ffedcee4b0a4939772a45f', '4db9513a0437609120fedd65', 'https://irs2.4sqi.net/img/general/720x960/35160075_HSUoc9seHgs808mRYKeEShg5YdHB9eI3Dh392C_X3iE.jpg'),
	(129, '4fd33a54e4b05a4aba40e8a3', '4e5a3704ae6099fc00d1ec18', 'https://irs3.4sqi.net/img/general/720x537/mWtqYhePJe71zQYbIecbqXzWdmSgY2hVe_OnL4mGGxM.jpg'),
	(130, '4e64901cd164ddd5e6ab7c30', '4e5a3704ae6099fc00d1ec18', 'https://irs3.4sqi.net/img/general/720x537/50J43XYZ3WXPAGVHWBD5S421ASGPCHKB3NPY0KOK3UNTWI5F.jpg'),
	(131, '5130d9b8e4b04f77340841d4', '4e5a3704ae6099fc00d1ec18', 'https://irs3.4sqi.net/img/general/960x720/49143015_Pjw9rtn7nlHYSGbzgsY71MQj-EMexyui9ZrduDUKBt8.jpg'),
	(132, '4e63577d8877954de89445f0', '4e5a3704ae6099fc00d1ec18', 'https://irs2.4sqi.net/img/general/540x540/VBQ5EABDUM4KYMBMCFP2I0Z4RVKMEO3UXM1ZTWZ2FLWPCGC2.jpg'),
	(133, '4ff1cfeae4b0d04a3c69b4ab', '4e5a3704ae6099fc00d1ec18', 'https://irs1.4sqi.net/img/general/720x540/ygHGfw3Xtlg8AOmII4PABvWlafBrrZA4zmZjYJ5tPz4.jpg'),
	(134, '515f0bbee4b08ebb1966327a', '4e5a3704ae6099fc00d1ec18', 'https://irs0.4sqi.net/img/general/720x960/41350495_nuaYRdSy0Mr6kcgTnwvHTfA5zKXVpYojt_5zTpEfvHY.jpg'),
	(135, '50ffd00fe4b0989a4a789588', '4e5a3704ae6099fc00d1ec18', 'https://irs0.4sqi.net/img/general/960x720/41885461_YQC3dPtgW8Dnhzcm4sUPuFo1JtiNS3IBNtRjU7JJ_w8.jpg'),
	(136, '5284cb2d11d2ef53b97dc458', '4e5a3704ae6099fc00d1ec18', 'https://irs0.4sqi.net/img/general/720x960/64230067_V7wrp2xoiYFholtw8hphNUDDUV69ex9qwNEj2z7SJxs.jpg'),
	(137, '524c1573498ec3043672a437', '4dc83a9b1f6e53d704833624', 'https://irs3.4sqi.net/img/general/960x720/53028368_md4ohffez5N_Es9zF6zR0acmSjaB_1r_lrBiD-4HMhM.jpg'),
	(138, '525421e311d2cd7a5313ffaf', '4dc83a9b1f6e53d704833624', 'https://irs2.4sqi.net/img/general/540x960/52042095_AMINFaKXsFcZX8RJ0XEGgwy5GrGYmxaF64OQ0YUnzzo.jpg'),
	(139, '536cd41a498e9342719de0bd', '4dc83a9b1f6e53d704833624', 'https://irs3.4sqi.net/img/general/960x540/30073048_EqSL751Fn8O3fA_zQGdHkl28osJp_KNzMWgc501gki0.jpg'),
	(140, '536cd349498e24b5e068fdeb', '4dc83a9b1f6e53d704833624', 'https://irs3.4sqi.net/img/general/960x540/30073048_B6_0eKgjtspFUa0IhuzSU6LlRglO6I7lg_3Lov16sdY.jpg'),
	(141, '53305e7b498e585f5d4501c1', '4dc83a9b1f6e53d704833624', 'https://irs2.4sqi.net/img/general/720x960/39887073_qO96mhLlZLnw3BuKslp7BOOVOm31q2mFnQFXg3WP_SQ.jpg'),
	(142, '53347584498e0d50c655bdc8', '4dc83a9b1f6e53d704833624', 'https://irs0.4sqi.net/img/general/720x960/39887073_iAkUv-pBx7uYwX3szn7y4rUeiE6lUKXUpkV7ZPsXXEY.jpg'),
	(143, '516e62abe4b050768ef74324', '4dc83a9b1f6e53d704833624', 'https://irs0.4sqi.net/img/general/960x720/49955875_AqQ0aSh1BCTC5zX06GN_lY6zLJi7V_XU7FhJhIWTrBA.jpg'),
	(144, '52542b1b11d2dcd2284c26b1', '4dc83a9b1f6e53d704833624', 'https://irs2.4sqi.net/img/general/541x960/68696457_GgkHXo9B45QKmyhATHB2hcNLW4-MjJh3GwFQup6AK8Q.jpg'),
	(145, '4ff9848be4b025109b306c99', '4f9eb358e4b0b38d31372205', 'https://irs2.4sqi.net/img/general/537x720/g7GWNcx5R-sXrkY-7GZudvnw8iXluG4wvVxGG1Bf4rY.jpg'),
	(146, '4ff98f0ae4b036acfbd4bc2b', '4f9eb358e4b0b38d31372205', 'https://irs0.4sqi.net/img/general/720x537/qN5rxkPvDi-aYHmOxFx3rNWmoO3MWaeJnGDACFn0l8Q.jpg'),
	(147, '50e71a64e4b0f31c23f6db76', '4f9eb358e4b0b38d31372205', 'https://irs2.4sqi.net/img/general/720x960/26771142__v1UxFkHNlXWJDox6-FkvmJsRe3-DwZi3vA9wtKg7as.jpg'),
	(148, '538c3284498e1b7c34c09f8a', '4f9eb358e4b0b38d31372205', 'https://irs0.4sqi.net/img/general/960x540/82448123_cr-H1c0BUi38knpBY_5YIU1mWvFPWoPJQDxBmino7P8.jpg'),
	(149, '4f9eb395e4b008dde35f23e8', '4f9eb358e4b0b38d31372205', 'https://irs0.4sqi.net/img/general/720x537/Ba24XcJGnnrCIR92Cb6RxOJY5tQTfq2dpRJrWZwjTlI.jpg'),
	(150, '518a2f8a498e92f102eb542e', '4f9eb358e4b0b38d31372205', 'https://irs3.4sqi.net/img/general/720x960/52784220_gua3pfTw0XlBTF9-GE2frQHPd8rfhx9aeGvqUbmNazY.jpg'),
	(151, '520f5ed1498e47aff89c0fab', '4f9eb358e4b0b38d31372205', 'https://irs2.4sqi.net/img/general/960x720/49100498_SDBQ8eTY0Wvs8jNXtKp322nfJFSLwaikD_iyZLmkL14.jpg'),
	(152, '53bece9e498e1bfe932fdb5a', '4f9eb358e4b0b38d31372205', 'https://irs0.4sqi.net/img/general/720x960/27787357_jNHy8yeNxgG616fOhSICAgAyLSic3Ew8VgMTpN5tdfU.jpg'),
	(153, '52dd6fb611d2a541910ff022', '4f9eb358e4b0b38d31372205', 'https://irs1.4sqi.net/img/general/3264x1952/76713217_r6U4mUvjujbGz4YWh0dhju2gRSvFs4NDrJSA90hmwA0.jpg'),
	(154, '539c8482498e03414c4e0aaa', '4f9eb358e4b0b38d31372205', 'https://irs3.4sqi.net/img/general/720x960/26582897_le-GopeGTdGRlkW_d44WjKq2gPgdfGY1BvrY40OGgIM.jpg'),
	(155, '5113858ae4b082cff78ef876', '4dfa253d62e1e9a243691063', 'https://irs3.4sqi.net/img/general/640x480/17531686_D24bhrfc7LbwGHcGruxRGDELYhSlcJu5NSR-tTlOKyo.jpg'),
	(156, '4fe1bb1fe4b0217920b41a4a', '4dfa253d62e1e9a243691063', 'https://irs2.4sqi.net/img/general/720x537/cDoL0XMlm9ewcLHFc41ujHEFrC0PM3vo3V1y5r9D4Wk.jpg'),
	(157, '50cd9a85e4b0f94b37e61b12', '4dfa253d62e1e9a243691063', 'https://irs0.4sqi.net/img/general/720x431/5677038_h6F9BBGhKUlmP01oO3gekS-glJhjBLdkwsgBylBzXZ8.jpg'),
	(158, '51b73a55498e32c4f79c030c', '4dfa253d62e1e9a243691063', 'https://irs2.4sqi.net/img/general/959x717/9079760_xBv_5aHw4oLTQgh0t8YkQUIyPC1RJRAx7zccbn5spDk.jpg'),
	(159, '51ed76ee498e2a7118bd763d', '4dfa253d62e1e9a243691063', 'https://irs1.4sqi.net/img/general/960x720/39877833_8uH0y0-qbWYu1Da20dwSGBIjNQBzxZTSENuXle1PCbw.jpg'),
	(160, '51596bcee4b03dbb644421e1', '4dfa253d62e1e9a243691063', 'https://irs3.4sqi.net/img/general/960x720/17531686_bUvfqBret5lWNo-l-0lAYVgiHYlmLbMrYXUKo2Rz2Fs.jpg'),
	(161, '51a759d2498e457347f15890', '4dfa253d62e1e9a243691063', 'https://irs0.4sqi.net/img/general/960x720/17531686_c1QbQrLyrUoTdWLTUL2roHZJpl5CXdFpnSEGxeLMI8Q.jpg'),
	(162, '4fe1af30e4b0a9a2af8f1138', '4dfa253d62e1e9a243691063', 'https://irs2.4sqi.net/img/general/720x537/5rWvQojhQVnfB0Gr0pRDwJFEAL9vX9-ArZJMkf-OrOo.jpg'),
	(163, '51d6844d498e668e6092fa80', '4dfa253d62e1e9a243691063', 'https://irs0.4sqi.net/img/general/720x960/29854013_4ZHkMf8hRFC3e04AkwimySjvMus3NeuSxpUGt9El4XE.jpg'),
	(164, '5169455fe4b0782eb99f3270', '4dfa253d62e1e9a243691063', 'https://irs3.4sqi.net/img/general/1434x1918/36777378_OPkWRP5PGCwTKaqyp9c4a9F2zYAE_csgqWipCTMlN1g.jpg'),
	(165, '51f27c8b498e3d912c660e05', '4d81d4202ad9a143e6457a28', 'https://irs0.4sqi.net/img/general/960x575/58700102_v0H6k-m6xI-vZc7tiXjzGQrbgfXjXbtKn3edp_FBR-A.jpg'),
	(166, '51520011e4b095b668072327', '4d81d4202ad9a143e6457a28', 'https://irs2.4sqi.net/img/general/807x807/49988338_dClsyDirhMy1mgtuHhG3vKYV-Ke8LGuAjr6dA-Jn9bQ.jpg'),
	(167, '50f0c1efe4b0a4701c7ccde2', '4d81d4202ad9a143e6457a28', 'https://irs0.4sqi.net/img/general/720x960/29275424_N1FaOjHwRjatMkClOBqQHxIVJ07aSIGBuVyVvCAgMsM.jpg'),
	(168, '514a009ce889131d00369652', '4d81d4202ad9a143e6457a28', 'https://irs0.4sqi.net/img/general/800x582/45329568_Fq9oihDvv80d-6pIlOdg8qPM43s_a1cPiqmkh5Rvxq0.jpg'),
	(169, '506db396498e0db5b48e5108', '4d81d4202ad9a143e6457a28', 'https://irs2.4sqi.net/img/general/540x720/34084414_mCCHoQW0pxZRHkbyYIpGHc1-ZNA8Tjv8QR1ACbErIXc.jpg'),
	(170, '513f6c43e4b0f8027458bca4', '4d81d4202ad9a143e6457a28', 'https://irs3.4sqi.net/img/general/960x720/36360201_Ulp6HMPtJis260rK_o3IOzRH3H7jpRMUuaOAXEW-Nns.jpg'),
	(171, '5138c059e4b0b1a540d3d5e6', '4d81d4202ad9a143e6457a28', 'https://irs1.4sqi.net/img/general/525x525/49988338_ktUwftIyHnmJFKLUH0jOrZFLne28jZSr_Gg53bhe4l4.jpg'),
	(172, '51f6357d498ea54523ab7b41', '4d81d4202ad9a143e6457a28', 'https://irs3.4sqi.net/img/general/612x612/27043053_gsAI559WHKMMpU1s2EIvfrdhfwRRVQfCGQtVALS0yC8.jpg'),
	(173, '506db3d5e4b0f0c5fcd37583', '4d81d4202ad9a143e6457a28', 'https://irs1.4sqi.net/img/general/720x540/34084414_EPOmdAyOThQP8O6lCDVyspPzYcM15VBcS5r03-QiJIw.jpg'),
	(174, '53b19641498e397e7cf84114', '4d81d4202ad9a143e6457a28', 'https://irs1.4sqi.net/img/general/960x720/88280474_g3szDa0VvCXj_OjmqFOF8ax-JR1QnjGy__qGzbNKLg8.jpg'),
	(175, '50252d6fe4b0b95e985ddbc7', '50252cfce4b0b95e985d97c3', 'https://irs1.4sqi.net/img/general/720x540/8hj2O8YEFAmcQ9EV3b9hEyukTqJcIZ16np7bf8-QKXU.jpg'),
	(176, '5172cddae4b014505849bc9c', '50252cfce4b0b95e985d97c3', 'https://irs2.4sqi.net/img/general/1920x1440/7556457_GzZ0JSQe1FkpDdb8nNHUazdfNL_Wk8dcU-87uZUnkFs.jpg'),
	(177, '51878f43498e1f88af2f1cb9', '50252cfce4b0b95e985d97c3', 'https://irs0.4sqi.net/img/general/612x612/40938856_RMR_qDo-zTK5UdoAJfE1vd_sN3naqu3KpYfSlxcJ8mw.jpg'),
	(178, '505ce54ee4b08887c5cb6d54', '50252cfce4b0b95e985d97c3', 'https://irs1.4sqi.net/img/general/540x720/29019044_nKA5ajD0bU-KIWmu8J91cwuFxfQlhcMJh0sJI-mhTLw.jpg'),
	(179, '50fc21d7e4b0870dafbcbfe2', '50252cfce4b0b95e985d97c3', 'https://irs2.4sqi.net/img/general/612x612/6524787_ge3DGLz0-Uuj7tXsXHQOcIsK7xqXa2hkkJaaZgIV0ng.jpg'),
	(180, '50868b86e4b0dd6610de7328', '50252cfce4b0b95e985d97c3', 'https://irs0.4sqi.net/img/general/720x431/39495797_WhGwZZM2E0boc0QQUEl2Ozo-2giE238rYXfCvaubAZ0.jpg'),
	(181, '53f8d677498ed8c89a130ba5', '50252cfce4b0b95e985d97c3', 'https://irs3.4sqi.net/img/general/960x720/71833846__ohdCCyR9mZSPqrJJqlt-mUG7kd3mWWv7EAhbX1NnJQ.jpg'),
	(182, '5178f85b498e807a8d58b633', '50252cfce4b0b95e985d97c3', 'https://irs0.4sqi.net/img/general/1920x1440/53769352_7PW1s5o1HJaR3iJ7WVpZxwYxuV1TRaTzR4a6-QKu96o.jpg'),
	(183, '536919b7498eb7291dc25788', '50252cfce4b0b95e985d97c3', 'https://irs3.4sqi.net/img/general/720x960/53769352_gMlh9i4OMkXmTOAYDQ3k4sl_jIDqxyezUNlSOvh2Y-0.jpg'),
	(184, '502ffeb7e4b0202f7174554c', '50252cfce4b0b95e985d97c3', 'https://irs2.4sqi.net/img/general/720x540/OGJlY07cO1ZftAsPWZauX85AysAEgvEbg9FBce9Aqwc.jpg'),
	(185, '51b38063498eb67e3cf556c9', '51aa39f7011cd19fbba8416f', 'https://irs3.4sqi.net/img/general/960x543/5677038_R4rXUlG_mkhEjjGHd0Pc7hdA_23wwT4d0pwmK630v0w.jpg'),
	(186, '53691db7498ea8c3f505c58d', '51aa39f7011cd19fbba8416f', 'https://irs3.4sqi.net/img/general/717x959/20383286_-1o24RqlH36oi-1lGrJ3qSZtb2jlL_-lcp-QmxWvPfc.jpg'),
	(187, '52cdd85e498e892cc2f0bffc', '51aa39f7011cd19fbba8416f', 'https://irs1.4sqi.net/img/general/720x720/34456365_sMi1yYqp8RQpkwy846x0UhwKF__o4Fgq73vLjg8rf8Q.jpg'),
	(188, '54172254498e51dd58af2b1d', '51aa39f7011cd19fbba8416f', 'https://irs1.4sqi.net/img/general/720x960/50586229_VWeBNgASlPg2-PNUFVUIZoqB3jBsH22gVESBGm07LcE.jpg'),
	(189, '54044acf498e0c0e7c436bf5', '51aa39f7011cd19fbba8416f', 'https://irs3.4sqi.net/img/general/720x960/92759969_icwAyJtsvOmvB5iZcabpGlKlAf8XQn0Vee4VYB-p5QU.jpg'),
	(190, '52ebc7ac11d27dc2aa2d3d0a', '51aa39f7011cd19fbba8416f', 'https://irs2.4sqi.net/img/general/960x720/61000510_YbrbuqDma2F1avJLZWyXoACsf1ctRdM0_LPgvVlgpek.jpg'),
	(191, '53bc449e498e2cdb6ee907d1', '51aa39f7011cd19fbba8416f', 'https://irs3.4sqi.net/img/general/720x960/27787357_7HLPLysqaYglpnV-1Od0iNy8rgdjdgB2zHZEiw9xZTQ.jpg'),
	(192, '527b7e2b498e59ac78f574db', '51aa39f7011cd19fbba8416f', 'https://irs0.4sqi.net/img/general/720x960/37319918_gicz_uX25JfUS4019-JAOsknvFyVntYS5FvOQm8kpR4.jpg'),
	(193, '50e1397ae4b0c6dccab75592', '4e1b58b51f6e24238ddf93ff', 'https://irs3.4sqi.net/img/general/612x612/32395140_O1rG0QL5RwvPv_ZerY0PxteuKVN9voce25jcHCfZ6bE.jpg'),
	(194, '4fd74880e4b02e9f22b33555', '4e1b58b51f6e24238ddf93ff', 'https://irs3.4sqi.net/img/general/720x537/le9VFuN2OxOg6AKXfPQSeSl7zIUa5AF4iOMnKCNyhes.jpg'),
	(195, '50b8f1bbe4b06d86d8b64fd3', '4e1b58b51f6e24238ddf93ff', 'https://irs0.4sqi.net/img/general/720x480/26445918_lypFx_rZOB0imKsuxa-u1Al0ac26wZlLDvkjvAzQwhU.jpg'),
	(196, '535cec9d498eacad03f0d539', '4e1b58b51f6e24238ddf93ff', 'https://irs0.4sqi.net/img/general/540x960/31081317_0iI1wm_5lx2tGcayQpuQO2sIPJFaYZhITEda2dcnK5M.jpg'),
	(197, '539bf4ee498e735a896c1d07', '4e1b58b51f6e24238ddf93ff', 'https://irs2.4sqi.net/img/general/720x960/77705364_-BByzrHsSmQ3dd94tIj6W0MOwYHDkTRFhk0J2GXNpio.jpg'),
	(198, '5378a2c1498e7aa4ee3388ac', '4e1b58b51f6e24238ddf93ff', 'https://irs1.4sqi.net/img/general/720x960/19322530_cghUfyXljAsaAzOSOwIkd8W0zwb7YLbc9ZwPvPzkyXM.jpg'),
	(199, '539bf4e6498ec020ae796127', '4e1b58b51f6e24238ddf93ff', 'https://irs1.4sqi.net/img/general/720x960/77705364_92pGE3_QlxyNNdnDefPOcqvVEoCJUtHWsethiNc8GDg.jpg'),
	(200, '53b0037d11d2c7ed92be6903', '4e1b58b51f6e24238ddf93ff', 'https://irs0.4sqi.net/img/general/960x540/88029090_Rp9I3MCclZbfVYJtYfJLhSvVC9ee2-vzaqA0BYRBH5M.jpg'),
	(201, '5115208be4b0da5e8ed10681', '4f8f010d7b0c69f4f91c8cd5', 'https://irs0.4sqi.net/img/general/540x720/45248864_poPeCYA26RnDCQRkzbK28kWtU-eHD4q7ejLIbMnDfUU.jpg'),
	(202, '5108e4d3e4b0e991d9f1fbdf', '4f8f010d7b0c69f4f91c8cd5', 'https://irs0.4sqi.net/img/general/599x599/46754845_dgY6hvlOOW6MS35095_em6z4-xXYyNa9H2LKwh0GMGc.jpg'),
	(203, '5257c877498ee166af6f4d4a', '4f8f010d7b0c69f4f91c8cd5', 'https://irs0.4sqi.net/img/general/640x640/48694277_yEWb2RNCf8bdueuhHu3R-ZLh_5_m2prNC2WZwvCRwWA.jpg'),
	(204, '50b7b41fe4b0ec5e16087f2f', '4f8f010d7b0c69f4f91c8cd5', 'https://irs1.4sqi.net/img/general/720x540/25491538_68cSBEHFfZ3TIeRZsC2n7e-QluA83AWin9jq9rM-a9Y.jpg'),
	(205, '53ec9d99498ee2968132acf0', '4f8f010d7b0c69f4f91c8cd5', 'https://irs0.4sqi.net/img/general/960x720/5519761_WEdeSEdQkbRpI36DqwCC2Af99pZodPpGxkNfCep3yBA.jpg'),
	(206, '50c478c4498ef1fd44f23acd', '4f8f010d7b0c69f4f91c8cd5', 'https://irs0.4sqi.net/img/general/540x720/12692306_B9yIRXWpoXH2bBT9w1TWMvCcKU7l_syPTn9sgfnJXn4.jpg'),
	(207, '51bf3e3d498ecc571b9b715b', '4f8f010d7b0c69f4f91c8cd5', 'https://irs2.4sqi.net/img/general/720x960/27017164_xHjVAUy76o7Cw_DuQ2m2zvhxLyzYRtYCTaY36mzlFKw.jpg'),
	(208, '50a7690be4b0024edf231837', '4f8f010d7b0c69f4f91c8cd5', 'https://irs2.4sqi.net/img/general/640x640/21706966_Z8MJqPTLBKJAjADWpbWQ-dkmTmA_38EQsfhTbg9jN-8.jpg'),
	(209, '503f5396e4b056231f0f4e4b', '4f8f010d7b0c69f4f91c8cd5', 'https://irs0.4sqi.net/img/general/720x540/kAcJfp9-j7juIhicsWA7vuDVX9nlChu786a1SNVzHnA.jpg'),
	(210, '4fa11854e4b0dae72df9fb8d', '4eb2ca5f6da1df5f01f05543', 'https://irs0.4sqi.net/img/general/720x537/WH-hj013wg7g7uoskpSqamTUUod5VRrOGJBZftc8tk8.jpg'),
	(211, '502fa86ee4b0c65b4ae32d78', '4eb2ca5f6da1df5f01f05543', 'https://irs3.4sqi.net/img/general/720x540/eWPMd0phMWLfrv6BGYA5P5zwLpgccImGg3089BmryqM.jpg'),
	(212, '51d1f09c498ee2e50e970209', '4eb2ca5f6da1df5f01f05543', 'https://irs3.4sqi.net/img/general/720x960/55780284_tM7-DEtcWJxPOOClm0rBH-1vJ9FBKaKNJRJRtLmqxmY.jpg'),
	(213, '50d351e9e4b006c4730c90ea', '4eb2ca5f6da1df5f01f05543', 'https://irs3.4sqi.net/img/general/720x431/18068400_FOA9v7_zCpfyseHVwpFvHoioFUJChBonxjHb8adxSaY.jpg'),
	(214, '50e5df40e4b0bf941521bef6', '4eb2ca5f6da1df5f01f05543', 'https://irs1.4sqi.net/img/general/720x405/35348816_f4aJUdoWVJz9ogEv1nsJkAw1WQG5lpYePYGBqyX05_I.jpg'),
	(215, '536d29f4498e478c80059db8', '4eb2ca5f6da1df5f01f05543', 'https://irs0.4sqi.net/img/general/720x960/44936145_0Q5VZ1alQij82KYUNb_-kEYLdelnWzlluE0Y3zOpI7E.jpg'),
	(216, '50b4f7afe4b04d4b63b1c64e', '4eb2ca5f6da1df5f01f05543', 'https://irs0.4sqi.net/img/general/720x540/30381285_59q61qla6Lr-ojtbADoA7Zz4NASwCC-4xl8iCg_8NmY.jpg'),
	(217, '539c720111d2b4a83dd4ec3a', '4eb2ca5f6da1df5f01f05543', 'https://irs3.4sqi.net/img/general/720x960/19412118_3cU0RrS0yL978h20UHbQ4cBdJ5n1oj2SmlRgEtiz92Q.jpg'),
	(218, '51c84db8498e977eefd68591', '4eb2ca5f6da1df5f01f05543', 'https://irs1.4sqi.net/img/general/960x720/58730624_UkEG8TBCMQ91yZG1TQ3VR-lkTb0z3IZQFPV3YhUOWgI.jpg'),
	(219, '534c0fa0498e69c96eaf6268', '51e3f326498e56b7bf9e58c7', 'https://irs2.4sqi.net/img/general/960x720/80706280_yLZJ-9K5U726Ovs2gIPHKQPvvgzovntLjuuGJ1spzDQ.jpg'),
	(220, '544fd7c0498e0e4dc3b590a1', '51e3f326498e56b7bf9e58c7', 'https://irs1.4sqi.net/img/general/960x720/87234006_0BBW8mjopdu1FyVdevD_d8o-EIfUbD38H5GXIzG_YPg.jpg'),
	(221, '543d55e1498eaa624c605add', '51e3f326498e56b7bf9e58c7', 'https://irs0.4sqi.net/img/general/960x720/51895715_lOeJxitG_d5N314i0teM9M8LZHTrxzy3ba7bPqGZ2GI.jpg'),
	(222, '525a251f11d26d03daa910f7', '51e3f326498e56b7bf9e58c7', 'https://irs3.4sqi.net/img/general/640x640/48694277_7sP0l2DcHrV49Y4u_8AYq2RuF22ZD4thUZs2uruATUM.jpg'),
	(223, '53f4b9fe11d257971cdf9563', '51e3f326498e56b7bf9e58c7', 'https://irs3.4sqi.net/img/general/959x720/71342183_nH8Nyt4KOqbJSElCDjNCqBNNzWmCvtaz_h9BrGn3Egg.jpg'),
	(224, '52a5a91411d2963d7c893e66', '51e3f326498e56b7bf9e58c7', 'https://irs0.4sqi.net/img/general/720x960/68016715_FH4IWGEUmVrJ2dRxANjAMZRpORBBOC7yCfwRQv8cpB4.jpg'),
	(225, '523326be11d284988739ee9f', '51e3f326498e56b7bf9e58c7', 'https://irs3.4sqi.net/img/general/720x960/20189583_gUkEt4QhRu54cRMMoGErup3pDMK-lCvgQEf8u79lcO0.jpg'),
	(226, '52331ed711d2195de8f854e4', '51e3f326498e56b7bf9e58c7', 'https://irs3.4sqi.net/img/general/720x960/20189583_OmsD-CUUxh9nrDb31X51FtwzWPrE5P5aJyL9IhIeNiE.jpg'),
	(227, '536264cd498ea303a91d9392', '51e3f326498e56b7bf9e58c7', 'https://irs2.4sqi.net/img/general/720x960/84475912_8H-8a9whN6g9t1DeeRmMKmmxPiev-CNYHNyecFaKCbM.jpg'),
	(228, '4ebb8c3161aff66b685c1f52', '4e513d181495fc2ca417c321', 'https://irs0.4sqi.net/img/general/537x720/SRGFZNHBZVFWGTZDTTUCYFRCDMXYX2S4QOFQKYJZ4I4WQQPY.jpg'),
	(229, '51aa05d4498e5d77689c4c0a', '4e513d181495fc2ca417c321', 'https://irs2.4sqi.net/img/general/720x960/19412118_3LokLKNi8J8bruyoYuQhESHq8THryCmBwK3Sa1WnXVc.jpg'),
	(230, '516648c5e4b02cc17288d380', '4e513d181495fc2ca417c321', 'https://irs0.4sqi.net/img/general/640x480/39679079_0-wvXxX15dvP9UHFqGEalaaoZdgrwalQvlnTViTSN0Y.jpg'),
	(231, '502a1c7ae4b029a5bcd376aa', '4e513d181495fc2ca417c321', 'https://irs3.4sqi.net/img/general/720x540/HA10QFzqDogTqGX6uepTurJDK4Yk26WvXb9E-_h01Ws.jpg'),
	(232, '4e519a5718a8af30fda3d275', '4e513d181495fc2ca417c321', 'https://irs0.4sqi.net/img/general/720x537/RNOZTOLYADEUCH22HS30IWJMWVRCFTUX5P2IF10GEGZFYIEC.jpg'),
	(233, '528fe8bf11d26e8f73a41b28', '4e513d181495fc2ca417c321', 'https://irs0.4sqi.net/img/general/960x720/70735532_4zQ1jCXW9m3pPMwCR6mqY7DPqUHeN68WEancGUNm3lA.jpg'),
	(234, '5290fc8e11d22867bf440882', '4e513d181495fc2ca417c321', 'https://irs3.4sqi.net/img/general/720x960/70735532_B488_JKXbObHUesxUuvt4vFmaYor9rYFnWCS8XXja2Q.jpg'),
	(235, '5290e35711d2f7669bff5404', '4e513d181495fc2ca417c321', 'https://irs1.4sqi.net/img/general/717x959/30381716_4LgWVhQzDSm8x4w3Mi0YXm9ailQSIIqiJeM50EEiQG4.jpg'),
	(236, '5205135511d2d4fd518c6a5b', '4e513d181495fc2ca417c321', 'https://irs0.4sqi.net/img/general/640x480/26716977_xryBPq0-GGnXZ361kkIMXVwd6RwQ8UvLTXptETFCv_s.jpg'),
	(237, '50fade12e4b03e4ea4c04472', '4e513d181495fc2ca417c321', 'https://irs1.4sqi.net/img/general/720x540/27017164_aCuX6JcJmB-Mys9VdDI3go8PL9dW_u7zsSnxbWI_jDM.jpg'),
	(238, '5337dd9a498eec22b79102a4', '4d9892a161a3a1cd1679d042', 'https://irs0.4sqi.net/img/general/720x960/76713217_f08flUAVL2fyOFDqv_QtCwmX7QNeU2FRdAJ3a95DCAM.jpg'),
	(239, '5141fec7e4b09c4e16c55781', '4d9892a161a3a1cd1679d042', 'https://irs1.4sqi.net/img/general/720x540/32886852_Wl-cNVVSHE8Opj1OBfJsDXtTqp5fnkrt9_Fv0LcOWKo.jpg'),
	(240, '50f2cbabe4b0b20f6079f542', '4d9892a161a3a1cd1679d042', 'https://irs0.4sqi.net/img/general/720x720/24359174_I-kfQXJCwXOStZRSsVqX2MSXwnPrbRizLhU_NE16QVY.jpg'),
	(241, '5141ff12e4b00d28c0c48ca5', '4d9892a161a3a1cd1679d042', 'https://irs0.4sqi.net/img/general/960x720/30381285_UJ5cilfv4kAKjUAiGeSynsSpH4di3YOFQ6uofZ-4nOQ.jpg'),
	(242, '519640ed498e44551c25059d', '4d9892a161a3a1cd1679d042', 'https://irs2.4sqi.net/img/general/960x720/51322407_VCqS0N8a0DepWXe6Z5CC2TY4K56ngXnThd0aCrVAaAE.jpg'),
	(243, '5207d12211d2a646c0891241', '4d9892a161a3a1cd1679d042', 'https://irs1.4sqi.net/img/general/720x960/57934668_VuI9dHyQJCc2NYwXvGzdcdFpzYuMVUuK1yPiFY0JKfo.jpg'),
	(244, '510d2772e4b032faeede1347', '4d9892a161a3a1cd1679d042', 'https://irs0.4sqi.net/img/general/960x720/23516032_vKxpxFKa0LGHGZVZFD7OUfcsy96AKPigDtUqdyCpCBU.jpg'),
	(245, '53a2f442498ea7f255745648', '4d9892a161a3a1cd1679d042', 'https://irs0.4sqi.net/img/general/960x960/85408104_9KhpbvjsgioOUYJLlfsm2JxsPdxDi-HcY5bX6VIzFQE.jpg'),
	(246, '53bc26c5498eb24601b45f50', '4d9892a161a3a1cd1679d042', 'https://irs0.4sqi.net/img/general/720x960/29854013_Tkoaoe2_9-50C72-D2fB6chYxbIXozMqvRYkh9wiBrY.jpg'),
	(247, '510d27b8e4b0dc1da5cecfcd', '4d9892a161a3a1cd1679d042', 'https://irs0.4sqi.net/img/general/960x720/23516032_sckbTBAQpV69Vo-NgiYglxVlBerGrHeep0D5QS-_pLc.jpg'),
	(248, '52a1e92f11d2c5b21d02fb26', '52753e40498edf27e1ddb062', 'https://irs0.4sqi.net/img/general/640x640/61415295_BZTggHZr8l57_RuY9KIxqXctZE4mW49pQjm-6Iy1uT8.jpg'),
	(249, '5280b903498e169ca0bcc549', '52753e40498edf27e1ddb062', 'https://irs0.4sqi.net/img/general/720x960/58590993_IJzRqcJgCAfMsWvzhIxt1rGCLv-bmAyCwBwfrZbs6E0.jpg'),
	(250, '52cd90c111d29fe34511d08e', '52753e40498edf27e1ddb062', 'https://irs3.4sqi.net/img/general/640x640/61415295_e3RvImZdknytk3BXzXTDJ4lWCNDpzR7ZurD2UP1S4Fo.jpg'),
	(251, '5295042d498e2e206d3b348a', '52753e40498edf27e1ddb062', 'https://irs2.4sqi.net/img/general/720x960/44936145_VZc7RaiCsescWlaE12UTsVZ5ooLKfAzS3q_o_WYnDIM.jpg'),
	(252, '52a212ac498e6a3a9fbd7716', '52753e40498edf27e1ddb062', 'https://irs3.4sqi.net/img/general/640x640/61415295_PsVvu6o8eEwEcAU4xDQJSCNIS9gcGaMDf8-uHxCoaak.jpg'),
	(253, '52851c0911d2aaac5ed4c90f', '52753e40498edf27e1ddb062', 'https://irs3.4sqi.net/img/general/3438x2360/25557321_VcffD-PhV2FepMIsdCMeex4QmhVBw7p3nU8z5Weyu-w.jpg'),
	(254, '5287dedf11d25546a7fdac01', '52753e40498edf27e1ddb062', 'https://irs2.4sqi.net/img/general/640x640/61415295_SmBfrLRSSNj-S0MgALdAZ6NNRLV1BLgpEwXRy_xHDPM.jpg'),
	(255, '529e141911d23a1f232fdac9', '52753e40498edf27e1ddb062', 'https://irs2.4sqi.net/img/general/960x720/44936145_SWLAEpVfEiNigXM5XeUhQzcFUhwaJhWhF9ywNIM_DGI.jpg'),
	(256, '53b95308498eb0a79243c31a', '52753e40498edf27e1ddb062', 'https://irs1.4sqi.net/img/general/960x543/5677038_IR5TS9OMRjSAoDYxq3NiiIqrCxtJLZUGASXfQvk_0RI.jpg'),
	(257, '5149fa11f136231dbe8bdfb1', '4dd915e5fa76ad96d14c92c1', 'https://irs3.4sqi.net/img/general/640x480/45329568_GNXZWVPlEcZ1p18f3cNoRsbAq7hwFEiMqi8jTvLDWpA.jpg'),
	(258, '4e67a61e18a8bf0571b15133', '4dd915e5fa76ad96d14c92c1', 'https://irs1.4sqi.net/img/general/720x537/R25KOFSDKJ10K3XCPSOUSK31OKQFLKIJECSBSSMMFGI5MG2E.jpg'),
	(259, '50a50125e4b079eb0753c034', '4dd915e5fa76ad96d14c92c1', 'https://irs2.4sqi.net/img/general/540x720/20559978_0KW4xR2Fw2yO0TdyOiIOJ2rno5gEeQ8OUzQGDOWOG6s.jpg'),
	(260, '50609e8fe4b0d9a2f2574aac', '4dd915e5fa76ad96d14c92c1', 'https://irs3.4sqi.net/img/general/540x720/37910097_JPvdJT3iUdhcNFaaPc9NbD7egH318T7CSYCJYwUxg70.jpg'),
	(261, '51728129e4b033e52486cc0c', '4dd915e5fa76ad96d14c92c1', 'https://irs1.4sqi.net/img/general/1918x1434/9613583_bqlP1MrIO1Qxe_FY44YIhpJHcTT1F373aL70RyD7wCk.jpg'),
	(262, '4fb0950ce4b0a5d4c162b9ca', '4dd915e5fa76ad96d14c92c1', 'https://irs3.4sqi.net/img/general/720x540/XOrcPR5gkAbyaiGp7wB_1ecxGEHApQeeFmSo--GBtP0.jpg'),
	(263, '518f5d9a498e67e8b31cab43', '4dd915e5fa76ad96d14c92c1', 'https://irs3.4sqi.net/img/general/960x720/7171729_cMfwY6YV4nhKYXRHvxWiocTnupwIUoPxHbMWtmHJ_6g.jpg'),
	(264, '4ff5d8f5e4b0aeae9de19f0e', '4dd915e5fa76ad96d14c92c1', 'https://irs0.4sqi.net/img/general/540x720/FH4br-xlcia_4_Yl1SIW-pcqLAs-ornF304SOiSzU2c.jpg'),
	(265, '50e08902e4b0fe6439e1817e', '4dd915e5fa76ad96d14c92c1', 'https://irs2.4sqi.net/img/general/540x720/37910097_UIehrtTLrvn1We_D25Ak5S1ZhIBYgFoNEjIzrqom_fo.jpg'),
	(266, '501e00bce4b00a26d52f3a8a', '4dd915e5fa76ad96d14c92c1', 'https://irs1.4sqi.net/img/general/720x405/ZwT4FOOcEjG7ouH_DQY0QxWOdGkD9VocozvNEtsKOXA.jpg'),
	(267, '525e4f83498ec98dc9c815a0', '52319c1f11d21355b2f670bb', 'https://irs0.4sqi.net/img/general/960x960/57446607_0UDW6SsTDP8b5iS0S6GXtNj_E_NhEOZqVMXMJMlfaAI.jpg'),
	(268, '523c34db11d222775afe906f', '52319c1f11d21355b2f670bb', 'https://irs1.4sqi.net/img/general/960x720/41123967_ZqwKbGAodS4dvq_HATw8QKo-A1ct6Hcnad_3VogwMyg.jpg'),
	(269, '5233363d11d21878d1f26b0c', '52319c1f11d21355b2f670bb', 'https://irs0.4sqi.net/img/general/720x960/9410859_is87QbNPJhFNuNiHN_h65Cpk3yyqI6HNWyuD3QDbN_s.jpg'),
	(270, '52333d0c11d2bb3b254624a4', '52319c1f11d21355b2f670bb', 'https://irs1.4sqi.net/img/general/720x960/9410859_O78LDLyMV5RLqr5eeFQdiusaUglA64b0PrvmHcNpmzY.jpg'),
	(271, '5263c84211d235faf0779417', '52319c1f11d21355b2f670bb', 'https://irs3.4sqi.net/img/general/720x960/62864072_aJW5tFsivxJSXsFqj6_BA2cpXpJQMh94oZNf3Y1k_cU.jpg'),
	(272, '52333d17498e0622573603b7', '52319c1f11d21355b2f670bb', 'https://irs3.4sqi.net/img/general/720x960/9410859_W3bZr4ocNs8WuFdXxyhzzWJPDic_JFYODYmN95oyng4.jpg'),
	(273, '5234238a11d25d0f86d39559', '52319c1f11d21355b2f670bb', 'https://irs2.4sqi.net/img/general/720x960/49100498_65qCl3dG1tIwS9vaPnIcjuMdg5Y2-6Vr6dLykdLEqwE.jpg'),
	(274, '525031c1bce66d2ebcdcf53a', '52319c1f11d21355b2f670bb', 'https://irs2.4sqi.net/img/general/2048x1536/68372558_-t0D9iHVBMIYrPMdTn2hPP2fDKn_6Ar0YIxleK0ieyg.jpg'),
	(275, '5233347e498e608154259818', '52319c1f11d21355b2f670bb', 'https://irs2.4sqi.net/img/general/720x960/9410859_recPxrXC0NfOMHJeLzJVYUzzrvmSFknf_evzadmlJ0A.jpg'),
	(276, '5330829b498e0d456f863aeb', '52319c1f11d21355b2f670bb', 'https://irs3.4sqi.net/img/general/960x960/57446607_LD9gNgQN42NP7nUBNTwM7F_frHmuxdwIXYdCe-9ZmIE.jpg'),
	(277, '53592b03498ebcdd21aa3265', '4e3c49741f6e844231d58e8f', 'https://irs2.4sqi.net/img/general/720x960/41683419_UkdMIxvjoWX2YwYwStVzYP8O1FPtSMEzrIFnMfi6Tik.jpg'),
	(278, '51573276e4b06550128d71b8', '4e3c49741f6e844231d58e8f', 'https://irs3.4sqi.net/img/general/720x960/25172522__8g7m9PaJwPtK-RuUtNjkIZa_us6dO3zmjkfDGVt0pg.jpg'),
	(279, '4fdefb16e4b05dcaec3303c9', '4e3c49741f6e844231d58e8f', 'https://irs3.4sqi.net/img/general/612x612/1ZHBEHVOuRxUsm5ByM-CIbD6DDe7dVaQSOfal8gFn0I.jpg'),
	(280, '528c85c411d265cccbe1aa1d', '4e3c49741f6e844231d58e8f', 'https://irs0.4sqi.net/img/general/640x640/48694277_qFjWNxzGJyeD8TW8HO4yfQYEFVplZj4APY4RGwFk6XU.jpg'),
	(281, '517eba46e4b036138b7e6eea', '4e3c49741f6e844231d58e8f', 'https://irs2.4sqi.net/img/general/960x720/24796953_Bk00HeeHZPgBAF_W0_OfM5m3S0u37LsQ68_NEexueTo.jpg'),
	(282, '51deea82498ea49f99bee81f', '4e3c49741f6e844231d58e8f', 'https://irs1.4sqi.net/img/general/960x960/57229031_tFAU_o8doqvzARgX87ovChru7Jj1KSfkYq32C2_TYk0.jpg'),
	(283, '5372067e498e726e90661fa2', '4e3c49741f6e844231d58e8f', 'https://irs0.4sqi.net/img/general/720x960/85150467_8ccbHEc5YhNtGLby_2Jy2BDl3zUOSD1B-X-W3mG6oeU.jpg'),
	(284, '536b642e498e0b88437af335', '4e3c49741f6e844231d58e8f', 'https://irs3.4sqi.net/img/general/540x960/85459461_3zE9TNGCpR_kMKpaoWLD799-Y_OCBKVvIHlXLTxnaYE.jpg'),
	(285, '4f5f1d9fe4b0569e0506c5c9', '4e3c49741f6e844231d58e8f', 'https://irs3.4sqi.net/img/general/720x540/f8-z-VT0t8f_03k8WjoyajxMoN_wAVkxeUEyeheVCqQ.jpg'),
	(286, '514a04377ab4b2a086449148', '4e3c49741f6e844231d58e8f', 'https://irs2.4sqi.net/img/general/300x300/45329568_xl0L2uo5WWN3K_tmLjxHjcMe8MXfrVYbbjaBFRA8-4E.jpg'),
	(287, '5149f9cef136231dbe8b6b05', '4db6a9e80437fa536a5b0a07', 'https://irs2.4sqi.net/img/general/1022x768/45329568_jjwTWFbnaqLAE_aWqTrRcsUu7Fo6YVoeoaToPs9P0-I.jpg'),
	(288, '505b2ab7e4b097e656612a9c', '4db6a9e80437fa536a5b0a07', 'https://irs0.4sqi.net/img/general/720x540/36272387_wbB4hU23xE0dGOTUK7r2MeQEkfZFjkr_XWdtFObfd1o.jpg'),
	(289, '4ef3713a2c5b6efc360753bb', '4db6a9e80437fa536a5b0a07', 'https://irs2.4sqi.net/img/general/720x431/YZ3JSSEJODAXKCT1BTO4LAPORAEDVN3IZCHROGPLI2VSCM5D.jpg'),
	(290, '51c30f2a498e0a549f2b9c95', '4db6a9e80437fa536a5b0a07', 'https://irs1.4sqi.net/img/general/720x960/21961094_HJLwsCaCq9RO8mMa8JKEZv8vhuKy72pc6aKugRlbxZQ.jpg'),
	(291, '5070532ee4b01f70b0ca306b', '4db6a9e80437fa536a5b0a07', 'https://irs1.4sqi.net/img/general/720x480/32619486_1p7Oy_nFwKNIO5Xz4TObpXKdTaVvW1hENW9yihYw9do.jpg'),
	(292, '511b5e61e4b04d503f8ab0a0', '4db6a9e80437fa536a5b0a07', 'https://irs3.4sqi.net/img/general/720x960/22774604_AVlbZO8cRWRowZcU2y7aja1pg-6W-0DPghXm8IP5sBA.jpg'),
	(293, '50eb227ae4b0f0d9f54d22f1', '4db6a9e80437fa536a5b0a07', 'https://irs3.4sqi.net/img/general/720x405/39877833_zRHBEFQaQ9DI5gCxGkGDDG9k3MOZMPcP0GTbdco4OJc.jpg'),
	(294, '50a3d0b8e4b04e2d5c6c5a2b', '4db6a9e80437fa536a5b0a07', 'https://irs3.4sqi.net/img/general/537x720/41123967_6abza7n1ry5YqQR5cbByv_WokmzHrUTUlw50NYCcHkA.jpg'),
	(295, '50c1f520e4b0dbf35a8d48f6', '4db6a9e80437fa536a5b0a07', 'https://irs0.4sqi.net/img/general/612x612/9416763_kO494b7tKDXgjVGrkMuUqNhlHcdDJnRYaK9s1fVn2rQ.jpg'),
	(296, '51685299498ed8b76d600f43', '4db6a9e80437fa536a5b0a07', 'https://irs1.4sqi.net/img/general/720x960/49188376_bl0dwddxbS1Ysl-5wr1a_ZqScklLeiyG5Oc2lVLQOBs.jpg'),
	(297, '50b9086be4b0760736c2f896', '4fbd90ffa17cbcdd717c4eea', 'https://irs1.4sqi.net/img/general/720x540/12553162_AyWcAl0DNKKWcSxTdlZVi5r70bTj3iRmHz4O0uxAQsI.jpg'),
	(298, '537e55f1498e9e320e40aba0', '4fbd90ffa17cbcdd717c4eea', 'https://irs1.4sqi.net/img/general/720x960/44936145_o98bk4EvW1kVLbBrFz04-pgD-a6yHS7ggKi1wdbktoA.jpg'),
	(299, '51cf4144498e62b1b04d3d85', '4fbd90ffa17cbcdd717c4eea', 'https://irs3.4sqi.net/img/general/960x540/45284844_gFTGIJNhAUQKehjVTxFZuAyzcHJYklvIg8fTThNNJ5s.jpg'),
	(300, '53823a47498ee4a4ff462278', '4fbd90ffa17cbcdd717c4eea', 'https://irs3.4sqi.net/img/general/960x720/19412118_mVoOpMYtGQWr5lqSO4ngh5hEGcwPu_PDZTL3zQ0uXjI.jpg'),
	(301, '537e55ed498e76f21a6bf092', '4fbd90ffa17cbcdd717c4eea', 'https://irs2.4sqi.net/img/general/720x960/19412118_fMLVG5WzOQkQ5Wfrz_jD8SEb8HJyOr3bqEgybQS-_ps.jpg'),
	(302, '53b00d75498e5e7f60834ee5', '4fbd90ffa17cbcdd717c4eea', 'https://irs2.4sqi.net/img/general/960x540/88029090_BARFgfKA4xofVWNO54IMeXHUeSXjv5dXeizZzi8_Zrw.jpg'),
	(303, '5229df5e11d2cbaf5b1dae6f', '4fbd90ffa17cbcdd717c4eea', 'https://irs3.4sqi.net/img/general/960x720/58424107_VoBkN0NK-WO8iaNz2cmSl17DJPSiJLMIAvHOx7TcrLk.jpg'),
	(304, '50b2292fe4b060602696fda5', '4fa69433e4b028d55adaa55a', 'https://irs0.4sqi.net/img/general/720x540/41812372_be0WTJbzfHCWHOZxbGQbO67QjudxpCp1qZ6RCts4yXA.jpg'),
	(305, '5123b9efe4b04e6a15208843', '4fa69433e4b028d55adaa55a', 'https://irs2.4sqi.net/img/general/960x540/41130060_1Hm5Rf86lLOzcVjGwhsBl2SSOsOb2vMM7i1AHN3LTrQ.jpg'),
	(306, '51b4b029498e546d10b2c1d7', '4fa69433e4b028d55adaa55a', 'https://irs1.4sqi.net/img/general/720x960/17531686_dW9wQnzTgTRSsGzRqFQLDknVVhelSwMGwX3flpHZ9dQ.jpg'),
	(307, '4fa6947fe4b0ddd496fb0144', '4fa69433e4b028d55adaa55a', 'https://irs0.4sqi.net/img/general/540x720/h_leNdJ_SrwtamtpVd83_a22ol7HkfZfERdIfrLzaA0.jpg'),
	(308, '5149f834f136231dbe884235', '4ff72eaae4b01a84ed9f9aac', 'https://irs1.4sqi.net/img/general/1024x768/45329568_9MxLH4noY1Fz2jzaE9AfJM14Ao8Ms445Sm-vCd-GMh8.jpg'),
	(309, '50e0202ce4b075c2e8ece4cf', '4ff72eaae4b01a84ed9f9aac', 'https://irs1.4sqi.net/img/general/720x540/43586994_7nGNU9IIcTkdHonX5tf-Q5WBdlxiV4Y1InXLTZAEhNw.jpg'),
	(310, '500074e1e4b05e79b02389b0', '4ff72eaae4b01a84ed9f9aac', 'https://irs3.4sqi.net/img/general/720x540/Fa1KUEhHuK8uLj1aH-JsSGUMmbNzaIjMcCQzOfNl8es.jpg'),
	(311, '53ab3c5e498e2d45da760130', '4ff72eaae4b01a84ed9f9aac', 'https://irs0.4sqi.net/img/general/720x960/76713217_0PHrSI9mRfXnig_Ps4oWLM-BpCdkO6GzHPBC2KRH4-c.jpg'),
	(312, '53d91191498e67777e5ca32d', '4ff72eaae4b01a84ed9f9aac', 'https://irs1.4sqi.net/img/general/960x540/60573986_nFKVBKxdKRdgmoCGhtEGcWArucV6CqsKGuulEev2-n4.jpg'),
	(313, '53d91230498e38ade1d326b0', '4ff72eaae4b01a84ed9f9aac', 'https://irs1.4sqi.net/img/general/720x720/60573986_wU3xOFMcWJMTRO-J1ocCJQJG0q8Boqx51VLwDnqXC0w.jpg'),
	(314, '4f704f69e4b02a6d6a799484', '4f68e1ace4b053c517307686', 'https://irs1.4sqi.net/img/general/720x537/9R_Y-lZf9r9GuNNxWCihu58hn503hmUpGpdCkoIvK4c.jpg'),
	(315, '5118d092e4b0b0ae783f3b7d', '4f68e1ace4b053c517307686', 'https://irs1.4sqi.net/img/general/540x720/46778328_fQxXXh7Zjkd7ii-ixBMGvYoxtFQiGASTX5q1Pu2rsSU.jpg'),
	(316, '50f18d2ce4b076543518dbbc', '4f68e1ace4b053c517307686', 'https://irs2.4sqi.net/img/general/720x405/39877833_KvQtfKpHV2bxoU1uhUsgOdLQGQDIvns8-fOwTBeq_us.jpg'),
	(317, '5023a651e4b00d9a1e25dbf6', '4f68e1ace4b053c517307686', 'https://irs0.4sqi.net/img/general/720x478/o6MlZO-0_YVYDPL8cO2Fu3Y1NMs8BSMVGfcD7d_1K1U.jpg'),
	(318, '4fca6bb1e4b0d0e19e62b402', '4f68e1ace4b053c517307686', 'https://irs1.4sqi.net/img/general/540x720/pW3gmMf2wUELm5-wb4RxTCq6Gph_f_EhJvS4U7AvpWQ.jpg'),
	(319, '5164c91fe4b0baf4d76f58b1', '4f68e1ace4b053c517307686', 'https://irs0.4sqi.net/img/general/720x960/38752408_LPTOtvYKIJRHmKu9-uFDp5z5FkfCsY4C59dFsXreGfY.jpg'),
	(320, '51cac15a498ee83348ea9de4', '4f68e1ace4b053c517307686', 'https://irs3.4sqi.net/img/general/640x480/11860698_mK8Y-rV0lfC1Wxc0AKhQwhuqzyZrBIeD1xVnaDahG2c.jpg'),
	(321, '51322e5be4b0eacbc466c76f', '4f68e1ace4b053c517307686', 'https://irs1.4sqi.net/img/general/720x960/49529219_ilDq9rTlfHDb-Rhe3NISOxZBmDChwqDnNGO28eTjtL0.jpg'),
	(322, '5120de56e4b016a0786500ae', '4f68e1ace4b053c517307686', 'https://irs1.4sqi.net/img/general/720x960/42747568_GGXnoXMCYRdSQK4e4kKIkkhxwzmp9LEiFeNYkQBnrek.jpg'),
	(323, '50a97900e4b03f2b098e735d', '4f68e1ace4b053c517307686', 'https://irs1.4sqi.net/img/general/720x540/19412118_B9sHEJR2ymFX9IydI73xFX3KUn6Q7eklGo5nKacse9Q.jpg'),
	(324, '4fa40298e4b09d4d447ff5f9', '4f9c2752e4b0e5be3f89ea6b', 'https://irs1.4sqi.net/img/general/720x540/OKRp2qOkv9arXfQ_Pq_C2rYbpbRyYfVyN-APIiUmiHI.jpg'),
	(325, '51c04ddb498e29e84a93d419', '4f9c2752e4b0e5be3f89ea6b', 'https://irs3.4sqi.net/img/general/720x960/27787357_RKQHngTpj6w0mah1atU9m3LUyFawUOLgsxCPRgenvew.jpg'),
	(326, '4fb0cd6fe4b097c37f10cd81', '4f9c2752e4b0e5be3f89ea6b', 'https://irs0.4sqi.net/img/general/540x720/4XQwEbyItn2CCyR1NDRugEKll-UpMH-e-aoB_qrdVGo.jpg'),
	(327, '5086646be4b04d95f1f15372', '4f9c2752e4b0e5be3f89ea6b', 'https://irs3.4sqi.net/img/general/720x540/27017164_UioD0YI5gPdGn9T--pd6GB3FEV941-crbfSjdnusaPg.jpg'),
	(328, '53958dd4498edbb457b7906b', '4f9c2752e4b0e5be3f89ea6b', 'https://irs1.4sqi.net/img/general/960x543/5677038_ys_Y4qE3bPa0H5XOTE6cIaUTwNJfvieYQFXoNHEO2uk.jpg'),
	(329, '4fb0cdc2e4b0c546fb482fc5', '4f9c2752e4b0e5be3f89ea6b', 'https://irs2.4sqi.net/img/general/720x540/ew-lvHKKhCzRTTFQU_1N-H4750Uy1OLMnuwXU3C-ZVs.jpg'),
	(330, '507fca0de4b0fd19ff93bfa7', '4f9c2752e4b0e5be3f89ea6b', 'https://irs2.4sqi.net/img/general/720x540/27017164_9DujI6VkDRE9jwAIKX0FGKSFjm2pmDlisLbMsp5pqBY.jpg'),
	(331, '4fb0cf88e4b0ddb44ad3c5ae', '4f9c2752e4b0e5be3f89ea6b', 'https://irs2.4sqi.net/img/general/720x540/xbAhPV7VWM4u1vTGVYjxNHuHoXaZ9_fM4Jw6t60BLkY.jpg'),
	(332, '52fbb4e5498e0d094c451a8a', '52fbb473498e0fbac1868471', 'https://irs3.4sqi.net/img/general/720x960/19412118_zkW_m5lHdafA2-Z-d2-mZ-c90t01JapEhzbjj0L3_LY.jpg'),
	(333, '53526d2311d256c67ca79634', '52fbb473498e0fbac1868471', 'https://irs2.4sqi.net/img/general/960x720/34949301_nZ54xDtLodJo26VJGEVjlHRFmLdV6ybh4lkBhMp6Hr0.jpg'),
	(334, '53023db8498e7981c70f83f3', '52fbb473498e0fbac1868471', 'https://irs0.4sqi.net/img/general/960x720/17531686_ndNJ7jeuZ-myRuZ3uphIznbb_B3VBqXgt1furTETKi4.jpg'),
	(335, '53569a05498e720b7ee2062a', '52fbb473498e0fbac1868471', 'https://irs1.4sqi.net/img/general/960x720/48865532_at1Tf4OB3UmR9qDwSbNo6IaIVu7pBUuchYcuIQdcof4.jpg'),
	(336, '52fe34e0498ec0dc281fada9', '52fbb473498e0fbac1868471', 'https://irs2.4sqi.net/img/general/960x720/17531686_rFF5prwbENxSxNoHipOAcMWI5oZH5N0V420YK6GjMEk.jpg'),
	(337, '5338466a498e2dedbc986f62', '52fbb473498e0fbac1868471', 'https://irs0.4sqi.net/img/general/960x720/73701460_J0uFuQyRSCUnqwUC2cjnrOKCsYo2chk8isqBbZW6nyQ.jpg'),
	(338, '52fe4a8e11d2eca3c9c25a1a', '52fbb473498e0fbac1868471', 'https://irs0.4sqi.net/img/general/960x720/17531686_urV1cd13OaomJkXMrPUOibMil071v8UaJHSXRjAaCPo.jpg'),
	(339, '53209469498ee10303d16802', '52fbb473498e0fbac1868471', 'https://irs2.4sqi.net/img/general/720x960/17531686_S8nQZ-gifJvKj9vUzflMM2DTFFrhKFw9Jmy6Lglehx8.jpg'),
	(340, '52fe351d498e23acb6c3555a', '52fbb473498e0fbac1868471', 'https://irs0.4sqi.net/img/general/720x960/17531686_ozZznKRLjn9Rfg3Qsp1pWJ75NCA9OoQkVuV-tBv64RY.jpg'),
	(341, '5410818211d2c1afda31c73d', '52fbb473498e0fbac1868471', 'https://irs0.4sqi.net/img/general/960x960/11860698_OckPDTqxHc79tD1N_CZoz8dN4dWahMa933b3iHJ-Hyc.jpg'),
	(342, '510d3301e4b0150a572e5452', '4dd15b69fa7664b7c6ed8e7c', 'https://irs2.4sqi.net/img/general/720x540/37319918_jKmXhGIWRca6XVHdBMczxytR3X_tBnSE16UhMzKUIhQ.jpg'),
	(343, '526ed03d11d2c842d13d529e', '4dd15b69fa7664b7c6ed8e7c', 'https://irs1.4sqi.net/img/general/960x540/9079760_vyFwR4GX5lPH6O9aD2ZFv_ZCsQ6DThtvNQ5lUNj8UsM.jpg'),
	(344, '53528945498ee975a30766c8', '4dd15b69fa7664b7c6ed8e7c', 'https://irs1.4sqi.net/img/general/540x960/81275117_1F5OF_GqvDJP98u8TfgE2ezoaNlL2TfXzWEgs3NoNB4.jpg'),
	(345, '5392e919498edbb457517890', '4dd15b69fa7664b7c6ed8e7c', 'https://irs2.4sqi.net/img/general/540x960/81275117_BxtqqRp7P4iS2icWubToUkCK-bRObc1_Xv_2qXkJV9o.jpg'),
	(346, '510d39cde4b0bb3c5e58b7c3', '4dd15b69fa7664b7c6ed8e7c', 'https://irs0.4sqi.net/img/general/720x540/37319918_obG0uybIdlwsc1iwF3FobDzE572eje5LRRv-Dfn_TN0.jpg'),
	(347, '51c93ea750196c53b3c868f7', '4dd15b69fa7664b7c6ed8e7c', 'https://irs0.4sqi.net/img/general/200x131/57446607_ZHG4nuyMrVi29Vcb8CK5BrzTvFveyTHFnD1y8jEzRuM.png'),
	(348, '53308b04498effc44e84c6ac', '52b6ba2f498ef4408ecbe029', 'https://irs1.4sqi.net/img/general/720x960/80406852_DAjHQjvFupo6LIGeDn_Yt6q1eGKUZvq_9hmB9KwdybY.jpg'),
	(349, '531b38ed498e1c6397a0c6ac', '52b6ba2f498ef4408ecbe029', 'https://irs0.4sqi.net/img/general/720x960/80406852_a4aWFF9SEtUoHU5xRq2toTZT2wbo8s3yK4x9YLT59XI.jpg'),
	(350, '536cf5a1498e8c980c3ac0cd', '52b6ba2f498ef4408ecbe029', 'https://irs0.4sqi.net/img/general/720x960/80406852_32CmrSiMskN_LAkxfuAYmcaIejsnttiblT_jETglwgk.jpg'),
	(351, '53162a94498e91536b8009be', '52b6ba2f498ef4408ecbe029', 'https://irs2.4sqi.net/img/general/960x543/39877833_CbLNGi9Yd3BRc8hsMRqCvNG0LUMqLS6Edrz9x-XkYJw.jpg'),
	(352, '51333de6e4b021edd895485d', '4fc11c0ee4b0730dec0fd18e', 'https://irs1.4sqi.net/img/general/720x540/6757980_2EoVZkiioUOmHL3Fx18NlgjKTkyQpD-_6wAI7QOVFpU.jpg'),
	(353, '518a815d498eb03cf1dc9afd', '4fc11c0ee4b0730dec0fd18e', 'https://irs1.4sqi.net/img/general/960x720/11718389_hiUtdx6eXcRYp7ZVTqNGEzi4npYvEwdee5lb7uXKepQ.jpg'),
	(354, '5130ebcbe4b050eef9cbb055', '4fc11c0ee4b0730dec0fd18e', 'https://irs0.4sqi.net/img/general/720x960/45248864_6HQpJ0w8m0A1PLg6MzVSKWD3VxrbyKTWEaYA6uRJzwU.jpg'),
	(355, '528526c8498e0d70e26b3c61', '4fc11c0ee4b0730dec0fd18e', 'https://irs1.4sqi.net/img/general/720x960/19412118_piCZdgar12wJtnbdwSdBs-4SQGTByhYu4wjyUMo5gVE.jpg'),
	(356, '52f7a23b498eb24094b369e3', '4fc11c0ee4b0730dec0fd18e', 'https://irs2.4sqi.net/img/general/541x960/49219304_Od6tPHw_lZdM0JjodHpZVO2KbsHHZRAICU0f-BbqFaY.jpg'),
	(357, '535395fa498ef17c75d0b04b', '4fc11c0ee4b0730dec0fd18e', 'https://irs2.4sqi.net/img/general/720x960/71611748_78M4pb6SHHXw6tPuMqj0HI91yhZTMaTf2IwyUztnjeI.jpg'),
	(358, '54155b4f498e41f22fb77901', '4fc11c0ee4b0730dec0fd18e', 'https://irs3.4sqi.net/img/general/720x960/93710319_jQ7TgxISo6A1kc5yEoaYMupjaUmUCliVXUbvyEHk_pY.jpg'),
	(359, '50e03e90e4b0f6f2cce347fd', '4fc11c0ee4b0730dec0fd18e', 'https://irs2.4sqi.net/img/general/540x720/44182635_goXNS8GnsT55gnziuD1l_fiHGrBKZ8Kpr83xE6s00us.jpg'),
	(360, '5218e50311d2f8aac110b086', '4e306622fa7639e90126e846', 'https://irs2.4sqi.net/img/general/960x720/30381285_hQGkYVeYCYhRdl5fuRLQEptsMHlvyaL1rg_ewQuAgZc.jpg'),
	(361, '5149fa61f136231dbe8c7766', '4e306622fa7639e90126e846', 'https://irs0.4sqi.net/img/general/595x425/45329568_YAyMhTdjH75UxAtQeNEd9MeVi6oxIinmOcbbnWa7ROo.jpg'),
	(362, '5062edfae4b058a95fa50960', '4e306622fa7639e90126e846', 'https://irs0.4sqi.net/img/general/540x540/21932356_LE9n58q7hTSXKprSGTe7HrlfVYTbLSfuWqPg453ssOw.jpg'),
	(363, '5190f4ae498ed099fddba9cc', '4e306622fa7639e90126e846', 'https://irs3.4sqi.net/img/general/1440x1920/51723826_-U9tn2RpNFn1sptlHnoIiVov-fi6VvaG9Ghi9floR90.jpg'),
	(364, '5191e408498e65e489535415', '4e306622fa7639e90126e846', 'https://irs1.4sqi.net/img/general/1920x1440/51723826_Sx2XrkOJyRbP_zzpskNLQ5Rkc5daNkVbhh1GjDuzC4A.jpg'),
	(365, '51b618da498e967c2ee6a9d6', '4e306622fa7639e90126e846', 'https://irs2.4sqi.net/img/general/720x960/58004582_greWQJCVXyeiCBA_IUha1pnpZKtpbZwOEwZpUUY5KJA.jpg'),
	(366, '519907df498efc9c4146978c', '4e306622fa7639e90126e846', 'https://irs2.4sqi.net/img/general/1440x1920/51723826_4R-tdlzh_j6rhGLJVBOrO8ssSDSIRSPfExZ_u73QVNc.jpg'),
	(367, '4e9970ee2c5bf14846a91a94', '4e306622fa7639e90126e846', 'https://irs0.4sqi.net/img/general/720x540/SDK0W131TCZELBA5IE1G3PCITGQBRONCVQXXNRQ4PZYIXSRW.jpg'),
	(368, '515ff7b0e4b00d989bbb0c08', '4e306622fa7639e90126e846', 'https://irs2.4sqi.net/img/general/720x960/22420033_KMjW0vo1vh4FoV7Q-2c9UUDsgQrOA8ZFfl5vBSrcLLQ.jpg'),
	(369, '4dbbff4740a3a7093d9b31db', '4e306622fa7639e90126e846', 'https://irs0.4sqi.net/img/general/720x540/L42GT1T3S0WP4H0ZHSRGOZK3QPCHRUSKORWGJ1PP02YKQIKW.jpg'),
	(370, '518378a32fc62104cebfad62', '4e611cadc65b2dc89f0b6646', 'https://irs0.4sqi.net/img/general/588x807/48988068_j-G5lr3wTlNW-RNuni0iJyPfDBaI2Ach6scucYEgRHs.jpg'),
	(371, '510a38e8e4b0b3a5c6ecd968', '4e611cadc65b2dc89f0b6646', 'https://irs1.4sqi.net/img/general/960x720/3546812_Z5a_sG7gT23rikR_55Ay8ZqXRC8pCxzI-t2tomTGbi8.jpg'),
	(372, '5195fa6a498eb712d69514b8', '4e611cadc65b2dc89f0b6646', 'https://irs1.4sqi.net/img/general/612x612/3546812_o3n3f4MdRhK8_rIYpJ0aHy3ug2dVJG1WO2UWYN8o7Co.jpg'),
	(373, '537dd469498e0a0c1976ab5f', '4e611cadc65b2dc89f0b6646', 'https://irs2.4sqi.net/img/general/960x541/85330876_Vdvudohhw-vAiydjBIq5YtpaSrmTzhJXMJeODugTjhU.jpg'),
	(374, '514ae458e4b0dd97721114fe', '4e611cadc65b2dc89f0b6646', 'https://irs3.4sqi.net/img/general/720x960/48694277_V6_3e_WWB3ZIN1BB_odCUowmWHb2KZ_p5lEGXnFE-cw.jpg'),
	(375, '53413b75498eecb8265d4f1d', '4e611cadc65b2dc89f0b6646', 'https://irs1.4sqi.net/img/general/960x720/71919723_cA4Yl7CQTqsYjaUjJheWjdDlWGdi7jjqEdSrkIKw7xQ.jpg'),
	(376, '53872541498e46b1d1f5fac0', '4e611cadc65b2dc89f0b6646', 'https://irs3.4sqi.net/img/general/640x640/52666603_PV_437_iE3h6RpXznXjUXR6Yr78Z2BfrjLOoSWLGJT4.jpg'),
	(377, '5134e616e4b0a00287f6f1d3', '4e611cadc65b2dc89f0b6646', 'https://irs3.4sqi.net/img/general/720x540/11860698_uRMlwvRoxnMvpYocz-AC73zhIqpHbF5RIMHLfuDJqOA.jpg'),
	(378, '5149f762f136231dbe86dad7', '4e611cadc65b2dc89f0b6646', 'https://irs3.4sqi.net/img/general/300x225/45329568_-K4PaBP7gFQftVrmtJSTyjIAefolALmT89go2iHoWuc.jpg'),
	(379, '532206f2498e1a85cdf37139', '4dc6899bcc3ff3b304648894', 'https://irs1.4sqi.net/img/general/960x720/16871306_5RgYSZFYrjF6hdB15Ug7aS_teL0-JZINtI1dQzzomAk.jpg'),
	(380, '5149fd3fe889131d00310308', '4dc6899bcc3ff3b304648894', 'https://irs3.4sqi.net/img/general/533x400/45329568_N7EI7UUkGX9IkW58CjJUphPfW5KrAKrsCjnZ5yBRov0.jpg'),
	(381, '4fa7c6c0e4b017a5e19c174c', '4dc6899bcc3ff3b304648894', 'https://irs0.4sqi.net/img/general/540x720/H5r_R___JggOfM3ZKynkk3lvZvVS4MOv-ETVrVdxzHI.jpg'),
	(382, '5161cbbbe4b04060c421b4b7', '4dc6899bcc3ff3b304648894', 'https://irs3.4sqi.net/img/general/960x720/52787327_JC1BrfPmvFeJyYglkgIpFdfg9L6a8KWUwBWXiA3HrNQ.jpg'),
	(383, '5426bf34498ecc42338a2a64', '4dc6899bcc3ff3b304648894', 'https://irs2.4sqi.net/img/general/960x543/56112413_glwaiYL4iDHTxaYr5fdToF9SvZcp42jF0N_GXe2xnZs.jpg'),
	(384, '5155be5be4b0e412510f3546', '4dc6899bcc3ff3b304648894', 'https://irs1.4sqi.net/img/general/720x960/51908885_u4zzb1Rx6qCNcBxuK3qPbJkdSE1t3N_qUCFzil7EXyc.jpg'),
	(385, '52695c2a498e8244051b54c5', '4dc6899bcc3ff3b304648894', 'https://irs0.4sqi.net/img/general/960x720/69769621_8L4NzLHcQSYIdQnBhS0W5QP8jfuuwecklsJ6gUt06Y8.jpg'),
	(386, '52697d6811d2a5dc13a148a7', '4dc6899bcc3ff3b304648894', 'https://irs1.4sqi.net/img/general/800x600/69769621_pQMeGThKtUlBctZ98D8ldheJJDgXEBXFsxFq4xWlAkk.png'),
	(387, '4fd2da3ce4b008dc35a78a13', '4f96a987e4b0c9bdccb5540e', 'https://irs1.4sqi.net/img/general/720x537/55BYd83EITuxzOxpHTavKY2I5BpkFFixnDsxpVU8oqY.jpg'),
	(388, '5270150f11d2f71f29f6dd43', '4f96a987e4b0c9bdccb5540e', 'https://irs2.4sqi.net/img/general/640x640/61415295_VQq7ENk_h0UeKgfKer637iqafU1xmGubIq4a0Nlcsl0.jpg'),
	(389, '539d947e498e095b1581d77d', '4f96a987e4b0c9bdccb5540e', 'https://irs2.4sqi.net/img/general/720x960/11094889_69E9-fMASeASpXqQ7-K5DZNlidu1LGrMyd5uAMOVoUY.jpg'),
	(390, '539d8dde11d27100456479d5', '4f96a987e4b0c9bdccb5540e', 'https://irs0.4sqi.net/img/general/720x960/11094889_WGBCWMsXVMPVQbePyW4Xeu0cf2N-VJ80xA8jOnQG_Gs.jpg'),
	(391, '532db899498ee4b0176c3004', '4f96a987e4b0c9bdccb5540e', 'https://irs1.4sqi.net/img/general/640x640/63456961_gclXnEySaalZAMccFgY1aUAIxt2_lNQD-ykcxN4rvU0.jpg'),
	(392, '539d87e8498eb9095b5acfbd', '4f96a987e4b0c9bdccb5540e', 'https://irs2.4sqi.net/img/general/720x960/11094889_hQVpynS8MXI6jsq7mgxzT6161fw4lGgif9VdfqL_BjY.jpg'),
	(393, '535f87f111d2b1d8582b4cdf', '4f96a987e4b0c9bdccb5540e', 'https://irs2.4sqi.net/img/general/960x723/84657655_OD6dM92vKN3J7dXoSXwwS2p6WVQa0mBBeEexl7Kh644.jpg'),
	(394, '539d8a7f498e61364fbad505', '4f96a987e4b0c9bdccb5540e', 'https://irs3.4sqi.net/img/general/720x960/11094889_psFhNUaD-FV3pfyKgwCUt6nkTK6bI25ZFUlTU4uWfYE.jpg'),
	(395, '5149fed2e889131d00337a19', '4d9cadbcbaae54812be2e064', 'https://irs3.4sqi.net/img/general/640x427/45329568_RoWHGA0wU6q1mIFC1yn4a7qJ7-z1P4zzrafkWj741zM.jpg'),
	(396, '512f303fe4b0a1e8e11ef44c', '4d9cadbcbaae54812be2e064', 'https://irs0.4sqi.net/img/general/960x720/17531686_YLF7vdx3YHp763moZYiti9tG1txpYUKZTm80vcDRu2c.jpg'),
	(397, '511e0e2ee4b0e4dca7001f4d', '4d9cadbcbaae54812be2e064', 'https://irs3.4sqi.net/img/general/720x540/17531686_djb3-RmqMYg30191Dt_gvjWJ5ylFawLj40bjB0ZhqQ0.jpg'),
	(398, '4d9cae5fee71a34039db11f6', '4d9cadbcbaae54812be2e064', 'https://irs2.4sqi.net/img/general/540x720/TCQCIR41QKMLNTNDF0WWUMJXIU2B15IRNRUJ3DMZN1AHG1LG.jpg'),
	(399, '512f300fe4b0e3271f4245f0', '4d9cadbcbaae54812be2e064', 'https://irs3.4sqi.net/img/general/720x540/17531686_1Kc5eZTM1zq0L_1lJLYiKVDvKlXZVu_L77DM374bvRs.jpg'),
	(400, '5101659be4b04647ca27fe74', '4d9cadbcbaae54812be2e064', 'https://irs1.4sqi.net/img/general/612x612/40938856_YvRJ0qyoo4cWJF3FHWYl6KrojbRYm4ekoWYQNnx1qiY.jpg'),
	(401, '4d9cae89ee71a34047db11f6', '4d9cadbcbaae54812be2e064', 'https://irs2.4sqi.net/img/general/540x720/XQWOS2UQ5QXRVWOIMU12CW3AMTG00CHF5AGWLWA0XILKXMPW.jpg'),
	(402, '50f59a5ee4b0dca7e3daf7fc', '4d9cadbcbaae54812be2e064', 'https://irs2.4sqi.net/img/general/720x960/9416763_GO46wrKCJ-2DkfLgu9P1g3PbLavzsgggJyTFW4eqVOY.jpg'),
	(403, '512f2fbfe4b05cdd1736d41e', '4d9cadbcbaae54812be2e064', 'https://irs0.4sqi.net/img/general/960x720/17531686_0SK-drEvQEObh0kkct2Sh1X6QsDmk4U0znZa1gcdiO8.jpg'),
	(404, '50a4c0dde4b071c15e4835d5', '4d9cadbcbaae54812be2e064', 'https://irs0.4sqi.net/img/general/720x540/17531686_UyoEyeHMDbSnXnEMFUMcbe_PP7HjXkGBHC860jt2lEM.jpg'),
	(405, '522b64b3498edbef37a838bc', '4f17eab6e4b0ba01951ad186', 'https://irs0.4sqi.net/img/general/960x720/64475124_1GrEZbIaycUDayg6BbPYSC6sosvwuNImydCmQfWhMH8.jpg'),
	(406, '52d178dc498e6cda69ce6a61', '4f17eab6e4b0ba01951ad186', 'https://irs2.4sqi.net/img/general/575x960/68385100__93OUWxAuAYCU7NYkWbOvXDW613TCp9K4tQDrfrGnkI.jpg'),
	(407, '52d175b7498e417513c9b54d', '4f17eab6e4b0ba01951ad186', 'https://irs3.4sqi.net/img/general/575x960/68385100_YqMBrsvgMY65mnt_oR00kHYmD3_zPvLlRMzUhGxYGzg.jpg'),
	(408, '52d17928498e9a49f9de9f50', '4f17eab6e4b0ba01951ad186', 'https://irs2.4sqi.net/img/general/960x575/68385100_JuuUUxnX3exycLVtpx6PESZW11aj01GIcTdFVkBgC08.jpg'),
	(409, '533c10ae11d2c6bce6175b93', '4f17eab6e4b0ba01951ad186', 'https://irs0.4sqi.net/img/general/960x720/62543498_ZjMpC3o0RmKrZoG03ACW52imAoRjx9rGGDQZ6l5zlK8.jpg'),
	(410, '53ef668c498e6506787a647f', '4f17eab6e4b0ba01951ad186', 'https://irs2.4sqi.net/img/general/720x960/87153098_4Gwghcj3pkDCrx_XTJ0_4TiwSBsPapDJ366GBL3MYqs.jpg'),
	(411, '52d178fa11d28feb1db8de5c', '4f17eab6e4b0ba01951ad186', 'https://irs3.4sqi.net/img/general/575x960/68385100_Hv1Ur0oHw8M4tI50KtrFWqKpeKFHXxQsfmY5JAmeHHU.jpg'),
	(412, '52d1793f498e36abd997cd3b', '4f17eab6e4b0ba01951ad186', 'https://irs2.4sqi.net/img/general/960x575/68385100_liFOaNUrCcrh8PEDN2KJx96by_hiJnMSl7Jx-sgwVkU.jpg'),
	(413, '52d175ed498eabcb5c3a9bb4', '4f17eab6e4b0ba01951ad186', 'https://irs1.4sqi.net/img/general/575x960/68385100_BW267wZmkzNgzlf0tX5VY0gMRKQ-IZehcL93tvRcAKc.jpg'),
	(414, '4ef0cc648b81e3067f9cec7e', '4debc2bfae60e989237afb74', 'https://irs3.4sqi.net/img/general/720x431/PBSI0CMOQPEPIW3VDR03O3PAKLXCY0BVZAHQPKMWWH43P1CR.jpg'),
	(415, '51505884ebcae1b0a8d2e47c', '4debc2bfae60e989237afb74', 'https://irs0.4sqi.net/img/general/800x600/45329568_Zh47fEbomNu7IpEK4dzn2zz-2cIZBDItI_R2BVgt_2s.jpg'),
	(416, '52d00641498e606dd21aec1c', '4debc2bfae60e989237afb74', 'https://irs2.4sqi.net/img/general/960x720/31431943_o-hWLwoZ7fTHmhB51cdD3e6HCysvSMY24Q6qiZ5DopE.jpg'),
	(417, '4ea93f6d722e3cc3d34b89ee', '4debc2bfae60e989237afb74', 'https://irs0.4sqi.net/img/general/720x431/F0UT1WLJ0XTEXTTY230J40EEJBE2HH3CAOPCHZ2EPHSB4HN3.jpg'),
	(418, '4f48da44e4b0dd9bf4b053ca', '4debc2bfae60e989237afb74', 'https://irs3.4sqi.net/img/general/720x540/34DY9pPI9dDq7_fDql53rPoBRdAlAC6DhHPFngqqBeY.jpg'),
	(419, '50373765e4b0bb3208b55b39', '4e10affc62e1d997a6991af3', 'https://irs1.4sqi.net/img/general/540x720/6HP2NQgcAvbEL41V04bP6z39RDic0gco-bjU2AcypH8.jpg'),
	(420, '5195d7db498ea73eceb0218f', '4e10affc62e1d997a6991af3', 'https://irs3.4sqi.net/img/general/960x541/31042324_jZLJyeTdHlmBxhqYiuwMoW2qa4Kifp5gmJKnaQitJAo.jpg'),
	(421, '4fb3933ae4b034ff6733b9f7', '4e10affc62e1d997a6991af3', 'https://irs0.4sqi.net/img/general/720x540/wzeyuUNpOWbi-Qr3zfx6vFdgYYFqk0V95c-h7kXrw_Y.jpg'),
	(422, '4f93bf73e4b00fe65f56987f', '4e10affc62e1d997a6991af3', 'https://irs2.4sqi.net/img/general/537x720/BFHjigUAxmHyGPmlZ1b6J8lfTOR8PkzeEUx-jrr2Jmw.jpg'),
	(423, '51e2f5ff498ec9ee3bf79c88', '4e10affc62e1d997a6991af3', 'https://irs1.4sqi.net/img/general/540x960/38802020_BO44vaBdRN2LsnBRE428u31YjLYx_EU9QE2EiPm5Hq4.jpg'),
	(424, '5187a0ad498e9e9d9bbaef05', '4e10affc62e1d997a6991af3', 'https://irs2.4sqi.net/img/general/960x720/53010214_wNL8ZBa0dbDVtRNK-zMQw1NJWZex3xt41Dbz7KCvoGw.jpg'),
	(425, '50e991f5e4b0b2f93576d4eb', '4e10affc62e1d997a6991af3', 'https://irs1.4sqi.net/img/general/720x431/43563696_eLe_dcrtTif6g8mCzBgiPjd4tbZfuu93wFvvVYyGAQk.jpg'),
	(426, '5161999ce4b002e10020986f', '4e10affc62e1d997a6991af3', 'https://irs2.4sqi.net/img/general/960x720/37319918_4_lIcnjZ2kA7zePGWALPuoKbwxF4EIA15ELJMPT3Y3Q.jpg'),
	(427, '506e7549e4b08666bbd46bb2', '4e10affc62e1d997a6991af3', 'https://irs1.4sqi.net/img/general/720x540/32753102_vw9PV0bqRi4RNUYyN9NHjjCGmzBXSmaGu5uA6rh273E.jpg'),
	(428, '50101540e4b060f9bd7929cc', '4e10affc62e1d997a6991af3', 'https://irs0.4sqi.net/img/general/720x480/L0-oMkcBveKBhPs508rK9Eilbwqy1sbHZmMVNkR-Sas.jpg'),
	(429, '4fbce1bee4b0c3cedaf18dba', '4e46c0bdd22d12b08bc5cca5', 'https://irs2.4sqi.net/img/general/540x720/8knieNx01OkhD5Jy8tS24zoveLsjNPdk-5AZ8bfSsRg.jpg'),
	(430, '51bde6e8498e763c1c3ead92', '4e46c0bdd22d12b08bc5cca5', 'https://irs3.4sqi.net/img/general/720x960/27246728_peWYpK7Rkj7b9adyJjzQp6t9MWeR9-0rVrWKueoeS70.jpg'),
	(431, '4fb7f625e4b020dcb28cb891', '4e46c0bdd22d12b08bc5cca5', 'https://irs2.4sqi.net/img/general/720x537/lUwcFHdCCAIyFxELyxl8X4n2HmJ4yt4wkHpAKfgVXqM.jpg'),
	(432, '4f842b08e4b013f8f4f7a142', '4e46c0bdd22d12b08bc5cca5', 'https://irs2.4sqi.net/img/general/540x720/Xq39VmP9_8jNaU9KifUnze7020lX3aduOPVH-UV7vf4.jpg'),
	(433, '4f5b97b7e4b05cfda4c32768', '4e46c0bdd22d12b08bc5cca5', 'https://irs2.4sqi.net/img/general/720x540/2I2l6-JlZEI463F-2Bb4MOothxfwRbesPTp5BxMLh2g.jpg'),
	(434, '5276165711d2a82a008cb8e2', '4e46c0bdd22d12b08bc5cca5', 'https://irs2.4sqi.net/img/general/960x720/70455071_TtUKXiZWnGw15mowfOxHO_ZJJDbqpDddM2Xx5T3oPEU.jpg'),
	(435, '4f6f708de4b07e41f0314dc7', '4e46c0bdd22d12b08bc5cca5', 'https://irs0.4sqi.net/img/general/540x540/K2V97B-fzo9BY5xa-rUp-YX2PHiZaUe1gm--FMp6Y-0.jpg'),
	(436, '51693246e4b05f846e3d5eb5', '4e46c0bdd22d12b08bc5cca5', 'https://irs0.4sqi.net/img/general/960x540/21319955_p1RCl3p8e6oEIUH2d6og359-1Vs9B2YGiT-f7rA6h_E.jpg'),
	(437, '52e1471b11d29aa8c48a1076', '4e46c0bdd22d12b08bc5cca5', 'https://irs1.4sqi.net/img/general/960x720/64169935_iaKaFH7rykqQqKjVzu8q3v9l0WlSPKBpSzpkT0Xwru4.jpg'),
	(438, '51fe63ca498e6e679a711a5b', '4e46c0bdd22d12b08bc5cca5', 'https://irs3.4sqi.net/img/general/960x720/36360201_l6t5e8Bkymn8PUbqyT3dl4ZSa7c2XcGpLiOxiiUBc4o.jpg'),
	(439, '52a9c3c6498ecdaca112e659', '4dfa1ed5483b4bf3e57a7c8f', 'https://irs1.4sqi.net/img/general/960x539/49695327_5-aivpUIVVdhnKCXgUvQA-lP-rJ9b379ZuZxLcHgC3I.jpg'),
	(440, '535f88bb498e03814df68eab', '4dfa1ed5483b4bf3e57a7c8f', 'https://irs0.4sqi.net/img/general/960x720/77217980_JVvc3WQ-sVGLht9FGMxfCPqJPUrct1t3RDmxq0O_Kz8.jpg'),
	(441, '54291a80498e1a033a187649', '4dfa1ed5483b4bf3e57a7c8f', 'https://irs3.4sqi.net/img/general/720x960/74506892_yHHYA5EZcP3JLEISZycmqCpC9JFUYQVfbPc-LkOs-X0.jpg'),
	(442, '5391a038498ee7ba83a36def', '52036919498e3ec9eaba7e46', 'https://irs2.4sqi.net/img/general/720x960/57934668_bjIiu24icoshrWq1wCphUfP5508UsnIv-O3BlFoyiEI.jpg'),
	(443, '524d6538498eb36b32bd4bda', '52036919498e3ec9eaba7e46', 'https://irs0.4sqi.net/img/general/720x960/68063282_YPv7jOl6_DglUPrSyU5Mwp4szjlzF2SGt5MtY2XJmeY.jpg'),
	(444, '5272459d11d2ec9911886188', '52036919498e3ec9eaba7e46', 'https://irs2.4sqi.net/img/general/720x960/68063282_oFipreLD4XOeN6ueE_7W6Ai0nMyvZ9ewvwK8DLO0VwM.jpg'),
	(445, '520a35ed11d27566ff63e31a', '52036919498e3ec9eaba7e46', 'https://irs2.4sqi.net/img/general/960x960/63070017_OJ7cWXQ4eU6XCpiGcqULF0HwUZTVozaE5AtbnCIyJrw.jpg'),
	(446, '5391a187498e91ef035450a0', '52036919498e3ec9eaba7e46', 'https://irs0.4sqi.net/img/general/720x960/57934668_aYJ0eF6Zb-p1zBadaisjD35k35M3FqiRam1QJhuOgQ0.jpg'),
	(447, '526e5f20498e6e8a3d6efcce', '52036919498e3ec9eaba7e46', 'https://irs1.4sqi.net/img/general/640x640/68063282_aGuwDF18LOIhKaLeXjvGlVSy4F_DAgI2e8_sN7GHQ6Y.jpg'),
	(448, '526e6525498e36b4659e8596', '52036919498e3ec9eaba7e46', 'https://irs3.4sqi.net/img/general/640x640/68063282_l1YGLcmsBNL_gHwsWa9FyU9ix5FIc2xGfo0HHGE6HWQ.jpg'),
	(449, '5310b3f9498e7920e9bdf675', '52036919498e3ec9eaba7e46', 'https://irs1.4sqi.net/img/general/960x960/22774604_oGeE8ilkEx4--haiL80ZXtuN8giH63_dmuDuN9uCTlU.jpg'),
	(450, '520e3a6e11d264b5b4a65bd4', '52036919498e3ec9eaba7e46', 'https://irs2.4sqi.net/img/general/480x640/62063872_FnMKrj_RX34ZxUqMzihhpF1eOeU8Fb3SB1aRRtCC3YI.jpg'),
	(451, '4faa2d19e4b0956aefdbfa22', '4f9e638be4b0ef2f723422c1', 'https://irs2.4sqi.net/img/general/540x720/yTemaXTtYBC0puuYboumnKY5QGT5JVNfh_sqA0dOtCg.jpg'),
	(452, '526bb0ee498e6fb35dd3c2c9', '4f9e638be4b0ef2f723422c1', 'https://irs1.4sqi.net/img/general/720x960/53170753_kORPNmhQZsukFR-juKkAUtTiVoOGv6RtD5tamTepny4.jpg'),
	(453, '52569006498ea314d5a310af', '4f9e638be4b0ef2f723422c1', 'https://irs2.4sqi.net/img/general/960x540/52042095_tlI_3uE0wGT44SU4nY11KtW5DusYLfdF2MkgrceQ8zo.jpg'),
	(454, '50278325e4b0844f8f6a48f4', '4f9e638be4b0ef2f723422c1', 'https://irs1.4sqi.net/img/general/720x540/9I8p_BKbGMWQvROfsFYXY2MIl-WNmljcurdLFADXcdY.jpg'),
	(455, '52075b7111d23a957eef65bc', '4f9e638be4b0ef2f723422c1', 'https://irs3.4sqi.net/img/general/717x959/52227212_S3wMvOCiCoV0w_LGu7PcpKGYytc9Scf5EKXzSyF9htU.jpg'),
	(456, '4fb007fbe4b085f6b3336205', '4f9e638be4b0ef2f723422c1', 'https://irs1.4sqi.net/img/general/540x720/yA741icWnBT1XofW_eD6zhCt6IhtlawjUnwAkgiEZnI.jpg'),
	(457, '5030dc9ce4b07d6b3599e0c9', '4f9e638be4b0ef2f723422c1', 'https://irs1.4sqi.net/img/general/540x720/oFZEoyXHA4q8AZCN9rZJ02SIac79w6uJZtLCAJL3JII.jpg'),
	(458, '4fa7901ee4b09d4d4714c57f', '4f9e638be4b0ef2f723422c1', 'https://irs0.4sqi.net/img/general/720x537/5Ydrm_eVi7mZQvXlfdByg1NWZqIvjk7V2e_85Iisqlk.jpg'),
	(459, '508a8678e4b00ac3c644083f', '4f9e638be4b0ef2f723422c1', 'https://irs1.4sqi.net/img/general/612x612/27230459_TTHCi4CN3LdH2_5m9LZIt1gf6rpqCdt0fxBhfBCqdH0.jpg'),
	(460, '4faa6c47e4b0f01e884dfcff', '4f9e638be4b0ef2f723422c1', 'https://irs1.4sqi.net/img/general/538x720/gC2fcncYHIwB9oMq5LiqLY7bhAHZXgxq2jzcyCISrsU.jpg'),
	(461, '4fa90273e4b0653e4924cf58', '4db7dc0704376df997676edf', 'https://irs2.4sqi.net/img/general/720x540/jmV0DMAWeZ1hMJoH5gAawmcuJDvNbKYVHEEt9TXkzfY.jpg'),
	(462, '4eca27ea6da1d10931ab3938', '4db7dc0704376df997676edf', 'https://irs3.4sqi.net/img/general/720x431/WV50OUK23GA0ES5WPCDYK1CHZT2TWHCSR5K15S2L1I41YYUM.jpg'),
	(463, '4ecf6a244690a03b5c25e51b', '4db7dc0704376df997676edf', 'https://irs0.4sqi.net/img/general/720x431/4VOJAO23JZKKY1NQDONLWGUOLML2BMVXS2XVB3E453KQOZYH.jpg'),
	(464, '4edde95de5fa78b17242fc5d', '4db7dc0704376df997676edf', 'https://irs2.4sqi.net/img/general/720x431/XIPK35JMMPKZS35XWEHVHG2SCL0A154FG1EV33R2QB2QFW45.jpg'),
	(465, '4eccc81d722eff7ffea479c4', '4db7dc0704376df997676edf', 'https://irs0.4sqi.net/img/general/431x720/NO31K4OJAF33R4E1SYRKDRJBRLM4WHJ5OAPLYI3HMLHL25Y5.jpg'),
	(466, '4ff565f8e4b0956dd45192f9', '4fc5170ae4b035d6cb48d16b', 'https://irs1.4sqi.net/img/general/540x720/QaAVf7hPVmMs4__kuzbExmX3VObwsFuNfT5jbOceSHU.jpg'),
	(467, '4fd351dae4b098b08240426f', '4fc5170ae4b035d6cb48d16b', 'https://irs1.4sqi.net/img/general/540x720/tE56hL_1BCBVJcrEr_f1uds3KcFwouxvVW7ZMVrpWzA.jpg'),
	(468, '4fe8aef6e4b0227be137132a', '4fc5170ae4b035d6cb48d16b', 'https://irs0.4sqi.net/img/general/540x720/Z2sqXxUPDYelzKRDrHAVCIcI3KgJ-lvY0497KwX0v0E.jpg'),
	(469, '4ff2f79ae4b08202a9c1de2c', '4fc5170ae4b035d6cb48d16b', 'https://irs1.4sqi.net/img/general/540x720/WsKlARPiPYnoHsYqoxjnuLv5_R-XP4p2MB4mLAb7hzs.jpg'),
	(470, '4fef0b49e4b0430e0ae7c42d', '4fc5170ae4b035d6cb48d16b', 'https://irs2.4sqi.net/img/general/540x720/aomgn_JySbimHo_C7H928Zgu22bosWV-x8-ZWZ1gcEg.jpg'),
	(471, '4ff4a6d1e4b024f558e39c22', '4fc5170ae4b035d6cb48d16b', 'https://irs2.4sqi.net/img/general/540x720/WeAFaPn28Z_EmZlies1qt1vRpOzMjL3SJ0MwM9QTxxQ.jpg'),
	(472, '53357812498ef09c251775e7', '4fc5170ae4b035d6cb48d16b', 'https://irs3.4sqi.net/img/general/640x640/9079760_jchSnqi0gM4PAtPdbAjs_2JQhDGeQmaEny4OPe3oh6Q.jpg'),
	(473, '50151f0de4b021abafc8c96f', '4fc5170ae4b035d6cb48d16b', 'https://irs2.4sqi.net/img/general/612x612/liCzMFszx9RiVWUyVQVvExIVcKTfFOw-dSpTIa6wSO0.jpg'),
	(474, '4ff4a4fee4b00ee3e4ffc7a1', '4fc5170ae4b035d6cb48d16b', 'https://irs1.4sqi.net/img/general/540x720/GaFraB4p5dNzVNqBVehdKe5Gb6EfrVg1oaFQ7eWiGpw.jpg'),
	(475, '4fec6d51e4b0de704a19e7d0', '4fc5170ae4b035d6cb48d16b', 'https://irs2.4sqi.net/img/general/540x720/oFWZbtaBm4tCpdtrvlvFB097rrRe1jerZbq69omFwh0.jpg'),
	(476, '4dda59d6a12d431f8babf56e', '4dd2a3c7fa767fb707977284', 'https://irs2.4sqi.net/img/general/616x540/QDC0IJHWU45EPCUAEFN4XXUKIHMYSG3CJICQKQKIHO3PR1G4.jpg'),
	(477, '5041ce97e4b0047a418a90a0', '4dd2a3c7fa767fb707977284', 'https://irs2.4sqi.net/img/general/720x537/AzfLMXkPuE95PeozW5iMFoSsktxksAl1CSo2u84iDvY.jpg'),
	(478, '517bf881e4b00f3e0953bfe0', '4dd2a3c7fa767fb707977284', 'https://irs2.4sqi.net/img/general/540x960/54648921_RCpsJpEp-J6VcB--DoEaAC5trHb8Zw3I0jnkQHwmfVE.jpg'),
	(479, '51fa7b31498ed78f1ea70e38', '4dd2a3c7fa767fb707977284', 'https://irs3.4sqi.net/img/general/959x717/59998645_R86EaT2aSyc_khCQUh-5ojdxZiqthBebt3prscgo_4c.jpg'),
	(480, '535b991f498e042282c30d2a', '4dd2a3c7fa767fb707977284', 'https://irs2.4sqi.net/img/general/540x960/31081317_m93ShS9noVBs5gLYiUI2I2PJdbJ0WfZsmIne41eEXZQ.jpg'),
	(481, '5241e56711d2b42a286123e7', '4fca828fe4b06cdf3af89e2c', 'https://irs3.4sqi.net/img/general/612x612/61415295_kWJ4fa5NIGgG099g_kcXPd1WkTQHnJdsFz3jjvRDx1k.jpg'),
	(482, '523da6ad498e698430b7e9ca', '4fca828fe4b06cdf3af89e2c', 'https://irs1.4sqi.net/img/general/540x960/54648921_93RhF4K25dfKd5-eY6MBLVQYgJJUppcsJ8RsW3k9q1k.jpg'),
	(483, '516fcee4e4b0ef1e1d820f10', '4fca828fe4b06cdf3af89e2c', 'https://irs1.4sqi.net/img/general/960x720/29078502_aZs0cezoSwfC91VOzwkEpi-awjSB1xp7-S6upAUghrs.jpg'),
	(484, '523ebd4b11d26f7b1433bdb5', '4fca828fe4b06cdf3af89e2c', 'https://irs2.4sqi.net/img/general/612x612/61415295_xAdAqr_oy98YH2RJlUgpHz-NT3y-495XPGQYZyambi4.jpg'),
	(485, '5241e418498e2cf889f61262', '4fca828fe4b06cdf3af89e2c', 'https://irs2.4sqi.net/img/general/612x612/61415295_MRMdOFlbpFg-aSiZKxS4Q78W6WkaQhh0c900fV7cDMA.jpg'),
	(486, '510d47d2e4b0f2f1a50648e0', '4fca828fe4b06cdf3af89e2c', 'https://irs2.4sqi.net/img/general/612x612/19412118_VwAfyB4Z3ekF1lwl6Kzan4KJXipcwaQnBsaUA8p6Ldg.jpg'),
	(487, '51851bcf498ebfa54175efb7', '4fca828fe4b06cdf3af89e2c', 'https://irs2.4sqi.net/img/general/720x960/43848239_tNhSOAIVuW01AImq6SJaWY7T-m-XOTUcXfFRsrf87i8.jpg'),
	(488, '51d5e4bb498e2a0388516156', '4fca828fe4b06cdf3af89e2c', 'https://irs0.4sqi.net/img/general/720x960/19412118_UaXnDLFMslflQZlM9jkR5wgX3GXH99GOwz-oLYhBbX8.jpg'),
	(489, '516fceeae4b0fbc06d4e9197', '4fca828fe4b06cdf3af89e2c', 'https://irs0.4sqi.net/img/general/960x720/29078502_pFa0lppcm7QpJhLL2ll0oks5VY6LdB30CTza_bfGCNE.jpg'),
	(490, '523ebd8e11d2f8b34559b911', '4fca828fe4b06cdf3af89e2c', 'https://irs3.4sqi.net/img/general/612x612/61415295_ekknb6q5sv2oHCqtSmQZNl9vOAH6NSVkMdvk4iQ8FVM.jpg'),
	(491, '513238b6e4b0a00273d0df5b', '4fd4c3d6e4b0b31b8517198e', 'https://irs1.4sqi.net/img/general/720x960/29414129_wEYuMCf4DJm92R_l8zamgVKH2rjrrjhCmEIEEIyUnTQ.jpg'),
	(492, '536e14ff498e72231538aca7', '4fd4c3d6e4b0b31b8517198e', 'https://irs3.4sqi.net/img/general/543x960/52577660_kqxwJyZeHyCDKNyYKbU44CWzNba2qYxH3_d06BoglkY.jpg'),
	(493, '53e10b36498e3febc314232b', '4fd4c3d6e4b0b31b8517198e', 'https://irs0.4sqi.net/img/general/720x960/82562479_YyLTSiu-LwGjD4EJLN6TZUQS0DWPr4vDgwl7SIWyVhM.jpg'),
	(494, '52825bc2498ec0246798950a', '4f85aa5ce4b05ea63fa601fa', 'https://irs0.4sqi.net/img/general/800x600/57762530_KmbzZC-eGP4rbFGLEp-14M12VIR7_7mRmr9_f68VqKg.jpg'),
	(495, '5049e7f0e4b08c480539df6c', '4f85aa5ce4b05ea63fa601fa', 'https://irs0.4sqi.net/img/general/720x540/--rJEyZCRTVy_yEVvQJubGhw81Pc6pmj1uYIAeuWyYY.jpg'),
	(496, '51f4f045498ed81d73c247ad', '4f85aa5ce4b05ea63fa601fa', 'https://irs3.4sqi.net/img/general/717x959/61947414_dZYBfFxYGjkz-QAirZUG3mg_hU_MrRgijMo4grrGcVY.jpg'),
	(497, '5149ffb8e889131d0034f4ba', '4d2abc08467d6ea8d78fda95', 'https://irs0.4sqi.net/img/general/800x600/45329568_FICPy6H_HQExFxty9Pvya9WXnRfIltW4kKHkTbvb6RE.jpg'),
	(498, '53a5cdc8498ee2149e7674a6', '4d2abc08467d6ea8d78fda95', 'https://irs2.4sqi.net/img/general/640x640/42725538_eNvOPolaMIQYAnpB4iF9skrNFuPUawGaj6PvoTTBMw4.jpg'),
	(499, '511e71dfe4b02b379b776aa7', '4d2abc08467d6ea8d78fda95', 'https://irs2.4sqi.net/img/general/540x720/27017164_Rqeh2PtSUD1ZY9mJ0OhVLuMQpm9LuiKBe2P9VEkvW3Q.jpg'),
	(500, '4f7d9f53e4b07c9294d78646', '4d2abc08467d6ea8d78fda95', 'https://irs3.4sqi.net/img/general/540x720/fRAIdY49LnmRLEPls9dBVQgZsA7q2j0q-Sd8zZwbvEI.jpg'),
	(501, '51fa3452498e04d3ea3c7015', '4d3f4e6f7a516ea8a28eb082', 'https://irs1.4sqi.net/img/general/720x960/58673002_-tk7Pi7PFwEc3qaVD2hwHh85FVuib5ewoggGlxBSfDU.jpg'),
	(502, '544bdf07498e93c850f28e22', '4d3f4e6f7a516ea8a28eb082', 'https://irs0.4sqi.net/img/general/720x960/82562479_ucZr3kSe5hqQy9T9Wtv-Ph5MbVWgOYjIhQ46027U6Q8.jpg'),
	(503, '50e6ec55e4b0bf941c06b83b', '4d3f4e6f7a516ea8a28eb082', 'https://irs0.4sqi.net/img/general/540x720/12692306_Nja5XfljrXVy3xHp52KYAs5Dl_4X4TbdtiB1Se7ttI8.jpg'),
	(504, '51aa26dc498eb91d2f792694', '4e7ee52b29c25018a4f02818', 'https://irs0.4sqi.net/img/general/960x540/54648921_LWFRHbrAcYfkzFdUREEdc9Qe27Znkkj4rCG6IMpJnSI.jpg'),
	(505, '526a0bbf11d241d188a7a7ea', '4e7ee52b29c25018a4f02818', 'https://irs3.4sqi.net/img/general/612x612/38752408_sEgqvZmv38t37DeuqlUzkdZ0dwuZjyk9pPyykhS6yu0.jpg'),
	(506, '51436ba1e4b0f6376b7a5e3b', '4ef5feb061af4546fd21b707', 'https://irs0.4sqi.net/img/general/720x960/48965544_Qh_xZTdTAfGBbjMIqSrxmPV7NHlN9xsrRsUXaW29rew.jpg'),
	(507, '513a1919e4b02c889bd9bac5', '4ef5feb061af4546fd21b707', 'https://irs0.4sqi.net/img/general/540x720/26779458_rh__EPVz1b4coM0x--6pSLa-zrktbqg17e8dFrc5SVU.jpg'),
	(508, '53a48794498e960e0e8cd7f2', '4ef5feb061af4546fd21b707', 'https://irs0.4sqi.net/img/general/720x960/71548508_emt7sNskDI6PHATTfhRz389wgZCvT2o1IqgkYeUQIic.jpg'),
	(509, '53b4ae54498e5bc6829930d2', '4ef5feb061af4546fd21b707', 'https://irs2.4sqi.net/img/general/720x960/57137551_HiRmNNWrVluNvRTMKocwDUDCFgVWDmQOOBzFf3Et17E.jpg'),
	(510, '53db40c0498e835696e55e7c', '4ef5feb061af4546fd21b707', 'https://irs0.4sqi.net/img/general/540x960/83138658_ULN_iNtw_5HJXuhjc09at8n4xq58Sa_dd29tAwHWMEY.jpg'),
	(511, '518241d3498ed06e009d99e2', '4ef5feb061af4546fd21b707', 'https://irs3.4sqi.net/img/general/960x720/40658646_LKDZ5oV-L7gNcIXwQrE_4VrH07Vle04R77piFNfA1xc.jpg'),
	(512, '4ef5ff1cbe7bb4784c736847', '4ef5feb061af4546fd21b707', 'https://irs0.4sqi.net/img/general/431x720/ATSJJPYTX55KXFYQJW3NBJSHQTXZPU5GEGOXBIF1SYBTNT05.jpg'),
	(513, '50caf12ee4b05a8a0cf701ac', '501b96c6e4b0d030d70b79b9', 'https://irs1.4sqi.net/img/general/540x720/40466755_OnByJGRG9e8u3ZGJjQxUUAytdtstF_VdOTN9kW-wDYQ.jpg'),
	(514, '50bf1388e4b0d0f2fa9e0399', '501b96c6e4b0d030d70b79b9', 'https://irs0.4sqi.net/img/general/540x720/40466755_OQ-xNMZcboYwdVuVb8hnzSFlJ7Qd7gv76ZRgHhzW-DM.jpg'),
	(515, '50c6fcd4e4b046f20b94af2b', '501b96c6e4b0d030d70b79b9', 'https://irs1.4sqi.net/img/general/720x720/27017164_pZi06bCIlsUFGLJJrwRFUBngxR_l1fIDdz4gesN7-UY.jpg'),
	(516, '50dc1277e4b0cde37d99dd31', '501b96c6e4b0d030d70b79b9', 'https://irs2.4sqi.net/img/general/540x720/40466755_nYsWzXT4Xqq4UAeRAKTukcHzA3Z64qqTtJb699Pedi0.jpg'),
	(517, '50c1b893e4b0cd1525325369', '501b96c6e4b0d030d70b79b9', 'https://irs0.4sqi.net/img/general/720x720/27017164_oLLsgnkmhDH4GbUFjqn7A6w6hNGB1qdD-YoigaMqgNk.jpg'),
	(518, '50d0365ae4b0ce33c47989cb', '501b96c6e4b0d030d70b79b9', 'https://irs3.4sqi.net/img/general/540x720/40466755_MK2g5bf9Q2nHeD3wHd4xWB4yz28eNq5L9NMwGahO8EY.jpg'),
	(519, '50a4b13ee4b0560e84970881', '501b96c6e4b0d030d70b79b9', 'https://irs1.4sqi.net/img/general/720x540/27017164_GjsXOKpiS52BExfbmr0j_jVjsyh17lMeeQIT62eVtjc.jpg'),
	(520, '51dd260e498e5fb9f30bec7a', '501b96c6e4b0d030d70b79b9', 'https://irs0.4sqi.net/img/general/960x720/27017164_pGUX7YaJEg9Z0CQ5JmGljHwKkPz4eH8tYcNcp1MeC3Q.jpg'),
	(521, '50374706e4b03c716c76bbdc', '501b96c6e4b0d030d70b79b9', 'https://irs0.4sqi.net/img/general/540x720/dm6fdGz0N6UYm3ZCkEfUO3NRLv1dJn8CPR6IbkVzxXU.jpg'),
	(522, '5431a151498eb34de231cff5', '503521e7e4b037c9b3173ad5', 'https://irs1.4sqi.net/img/general/4160x3120/56384848_ykaeeoPbJMEo_kxnznN_982a-eTtiU_Uf-hr0fak1Zk.jpg'),
	(523, '51c1f117498e920acb192761', '503521e7e4b037c9b3173ad5', 'https://irs0.4sqi.net/img/general/960x720/30381285__HFM0fh8iNIl91P8CfNMMAoAI26j2akeGxbRyzECGHI.jpg'),
	(524, '5435b8c0498efc8c5e46a3b4', '503521e7e4b037c9b3173ad5', 'https://irs3.4sqi.net/img/general/2772x2772/56384848_tUJRo-H8FSLe5aRlvxjUvMb0Aw5Yh_whShf7zv3g0F4.jpg'),
	(525, '50352471e4b0ab0c73cddd34', '503521e7e4b037c9b3173ad5', 'https://irs3.4sqi.net/img/general/612x612/SqoghboAcEr1_9e3nL-gQtHnH995T0vxeNf6hYgtf7g.jpg'),
	(526, '543a7743498e5dd11625442a', '503521e7e4b037c9b3173ad5', 'https://irs0.4sqi.net/img/general/960x960/56384848_6BRT79-hofTGfyhfrdT_9-sa3aAbMHOA2dB5uLI7g_Y.jpg'),
	(527, '5380efb4498e04c244cd5742', '503521e7e4b037c9b3173ad5', 'https://irs2.4sqi.net/img/general/720x960/19412118_s_EvKq_yd677NxDvv2AnWeUt_HKyb0f3MHwiIRWMRok.jpg'),
	(528, '5428325811d2ec1299879c0a', '503521e7e4b037c9b3173ad5', 'https://irs1.4sqi.net/img/general/3120x3120/56384848_2_ShL39y9mpi6gNDtdrhhxrjtsJ-C3tb-rubkr0tPvY.jpg'),
	(529, '5124ec80e4b0a558158da9f2', '503521e7e4b037c9b3173ad5', 'https://irs1.4sqi.net/img/general/960x720/41350495_k3OuZ2cy7oMajo_TztTYAa1JndavAB3cL2KU5Srwuoc.jpg'),
	(530, '542831bb498e116e5c3756a1', '503521e7e4b037c9b3173ad5', 'https://irs3.4sqi.net/img/general/807x454/56384848_m7MmKiYT4eAuCsONBAOSrMzrH0Cqnwws0f5oKlzV6kw.jpg'),
	(531, '536d1d1811d2241c3342f2eb', '4d97889d942ba09360796f8c', 'https://irs2.4sqi.net/img/general/960x539/84756701_esdEqia1fUzcdwyexF-ZKRvcfV7_vKNDFs0h0F3_I5I.jpg'),
	(532, '510d4f10e4b048d8809bc5a5', '4d97889d942ba09360796f8c', 'https://irs3.4sqi.net/img/general/720x960/31764910_mgmTYiTLT006BMVCLs0MrrQ1O_C4WxYpOInPrtV2kHo.jpg'),
	(533, '51964588e4b078faa1afcaab', '4d97889d942ba09360796f8c', 'https://irs1.4sqi.net/img/general/720x960/19412118_l5RaQZ0_t5BJ8YP6lsxvaGFrRYVPC23V5aM6hwLpQrY.jpg'),
	(534, '52c6f192498e5044e24bcc4c', '5258049b11d2e91afd9a56c5', 'https://irs3.4sqi.net/img/general/960x720/59346296_-QUDXP9J9O2bdIe9w6cnLxq8oZAWPssi19lLGUoFnkU.jpg'),
	(535, '5310bc79498e9014220e9b47', '5258049b11d2e91afd9a56c5', 'https://irs1.4sqi.net/img/general/720x720/75952947_jXygEQXXK4QzBg6_TXpFJodM_N0bWLtHP4MmlIS5n5k.jpg'),
	(536, '53808f32498e533383de4306', '537fa558498eaced54be019a', 'https://irs2.4sqi.net/img/general/720x720/57310083_XlSL_RfsA61yiUaPsQiUD-VJwG6Y4GwCnZCnUWQ9lKM.jpg'),
	(537, '537fa59b498ee28323c4dd82', '537fa558498eaced54be019a', 'https://irs2.4sqi.net/img/general/720x960/11860698_NdACv9C370bQROdkSPGxykzYmn-TpgA9OSvvnuXMmrY.jpg'),
	(538, '5395b576498e1ed4f8056a46', '537fa558498eaced54be019a', 'https://irs3.4sqi.net/img/general/720x960/77705364_rYoLLlZD2UgBT20KVmbFsif0kFpW2FxeWw3aT7blo4w.jpg'),
	(539, '541aa191498e8313f96f74a4', '537fa558498eaced54be019a', 'https://irs1.4sqi.net/img/general/960x720/92314978_YdaJnTNOUmM3uxGeAkJtNqj3QdBDtxmgufFLBPTFLiE.jpg'),
	(540, '5409de7d498e8d0802a1999c', '537fa558498eaced54be019a', 'https://irs1.4sqi.net/img/general/960x960/69450331_VKSkT332otabzAk0QnALlRtwiROHrO1BxEbeVnjU_is.jpg'),
	(541, '537fa5aa498e2ea8825bc8ab', '537fa558498eaced54be019a', 'https://irs3.4sqi.net/img/general/960x720/11860698__MSHy8x_PghwbQsiqg3D0ee86EZjK8-SgQip9hxAodo.jpg'),
	(542, '53d3eb52498e0244a5b87720', '537fa558498eaced54be019a', 'https://irs1.4sqi.net/img/general/543x960/5677038_FEyOZRRi1a3sR76-pmtJdxLm_tA6Vh5KDl2vJpzzLhI.jpg'),
	(543, '52d449d3498e85dd0f28fc72', '52b5e6b511d2bc66f7a018b2', 'https://irs3.4sqi.net/img/general/720x720/50025273_0QRO3CJfSFMFggcDoo5HMaFseg5gk7UsvqG0hCMT1ZM.jpg'),
	(544, '52b88115498ebf42a692db6d', '52b5e6b511d2bc66f7a018b2', 'https://irs0.4sqi.net/img/general/960x960/57446607_VO79CSxxlH4bK-cEkYArnacncSdvDLNvC8O7eVP-PIs.jpg'),
	(545, '52b87ccb498ecf9a0c24989c', '52b5e6b511d2bc66f7a018b2', 'https://irs0.4sqi.net/img/general/720x960/57184885_GwSihPXfdRU5BikpX8B0G6AU-XAl72GLyXKLTWUTPFg.jpg'),
	(546, '52b88104498e60b91696cd05', '52b5e6b511d2bc66f7a018b2', 'https://irs3.4sqi.net/img/general/960x960/57446607_k4_EQ5fpOpXq2PoNWLvTXrOXm-VYo6jJgJQNzS1xYpo.jpg'),
	(547, '52db1b1b498ede3a23c515bb', '52b5e6b511d2bc66f7a018b2', 'https://irs1.4sqi.net/img/general/720x739/50025273_CB-OWsA8bxnoG4tH1SXEPb44Ju73YLLFW9Bgn5HVREo.jpg'),
	(548, '52b5f2a011d2619f508d089d', '52b5e6b511d2bc66f7a018b2', 'https://irs2.4sqi.net/img/general/720x960/50025273_-C77MeDCuY7NzbmDHYLJjtTPoXtJFItE_rQR48OiA48.jpg'),
	(549, '5304e4fe498ea476ee905c21', '52b5e6b511d2bc66f7a018b2', 'https://irs2.4sqi.net/img/general/960x720/57446607_B5jKlSdnbz5-8_O8yzOIaBYv1RdX8fKPvlChX1VpTZs.jpg'),
	(550, '52db19a011d2814b92612e12', '52b5e6b511d2bc66f7a018b2', 'https://irs2.4sqi.net/img/general/720x720/50025273_W_fXhflGCPBmogDongDTcZCR1CCzZ1BwPfI2tvurE8s.jpg'),
	(551, '5300da2b498e015962f52da2', '52b5e6b511d2bc66f7a018b2', 'https://irs2.4sqi.net/img/general/640x640/11860698_FE7YtQhG2SBouj_mDylP5AXng5qpyC0iPd7gsfbYizs.jpg'),
	(552, '506dd608e4b03206da7d2c5c', '4d360ac148098cfa5a8c4217', 'https://irs3.4sqi.net/img/general/720x540/34084414_0X7DCCOvIXzhTAfXY74W1r3XdIsuQzKFZTidtcHpsj0.jpg'),
	(553, '50c239d6e4b0300630c96e7f', '4d360ac148098cfa5a8c4217', 'https://irs0.4sqi.net/img/general/540x720/24796953_nkqJhJ7qQwOYPFbLXHHEfyn82Tpe0hvjQZAzOJE2pH0.jpg'),
	(554, '52af3c87498e45d02926ae95', '4d360ac148098cfa5a8c4217', 'https://irs2.4sqi.net/img/general/960x960/59624860_9k045mmtaP-gAtveW5IDdrskWm7CX8lbai3H2ameVjw.jpg'),
	(555, '5179761ee4b02bca9547b8f4', '4d360ac148098cfa5a8c4217', 'https://irs0.4sqi.net/img/general/1440x1920/42747568_A5AWpFnt6t7G743jza8eaWfOyRraBEimcx57kGbvALQ.jpg'),
	(556, '519fba33498e3b7057cfbeb0', '4d360ac148098cfa5a8c4217', 'https://irs3.4sqi.net/img/general/960x720/19400705_vYu1PpVAfWNq_ab4rMaOvPr-LxYVAIzIwzAEVkDkOJU.jpg'),
	(557, '5123a78be4b0255ef9a8921b', '4d360ac148098cfa5a8c4217', 'https://irs2.4sqi.net/img/general/720x960/42747568_x26CA3IvbSgLkhCLPphawzVKFGEHWBmiJpPT95v02A0.jpg'),
	(558, '51d4778c498ea93b48b8a50b', '4d360ac148098cfa5a8c4217', 'https://irs0.4sqi.net/img/general/606x606/27451450_t6VBLmHYj6Jtso2KWSWBT0RJUMKCV-RnzPFcabzMk6g.jpg'),
	(559, '514c709de4b099b2a08a28ba', '4d360ac148098cfa5a8c4217', 'https://irs3.4sqi.net/img/general/720x720/38118462_WHtk9Z-wYd4kdPSoMdFSYYrCj2PgQ0M6zjtYJImg71s.jpg'),
	(560, '516bfc40e4b0b4d6662f1e4c', '4d360ac148098cfa5a8c4217', 'https://irs3.4sqi.net/img/general/960x540/51336593_Umdj3SFsxwrjF64LwuQTBq2sPKpbyAe1GS77_Y2N_BQ.jpg'),
	(561, '5169bc12e4b0d46e539d56e9', '4d360ac148098cfa5a8c4217', 'https://irs0.4sqi.net/img/general/612x612/40938856_bS0GHwD4PHMKpaO8OXWDig8Z5YeLNlK4b8i3VAlzzFM.jpg'),
	(562, '5172c39e498e2885dff5f285', '4dbd8d56a86e0e98a1fd4f07', 'https://irs0.4sqi.net/img/general/1434x1918/9613583_gwV21RFT6AZwrEN4S7LUGdt_k2zIOg2kk9FDA1Jq7BI.jpg'),
	(563, '52f25819498eb4b757704d90', '4dbd8d56a86e0e98a1fd4f07', 'https://irs2.4sqi.net/img/general/720x960/8727637_blXScxOkN0QejkDcpNya5fXpkzkhVWXGZsU_Y9hvDuQ.jpg'),
	(564, '51b9efa7498ef440a3dee691', '50db1668e4b0f0bf68e0a8b1', 'https://irs3.4sqi.net/img/general/960x720/49926944_IRDXVC6HdCqlYR15eWQb8fQ2kt9tpnokm0oqCc5fcGI.jpg'),
	(565, '51576406e4b020dee7db3a02', '50db1668e4b0f0bf68e0a8b1', 'https://irs1.4sqi.net/img/general/960x720/52034780_R_DJo8CQfuuJoe-sEqlsZ15v6l7nI3vdmN51VITmHbk.jpg'),
	(566, '5206771911d2d4fd5db8b404', '50db1668e4b0f0bf68e0a8b1', 'https://irs0.4sqi.net/img/general/720x960/19412118_Xgbq1R2aXwou-STLK6A0Z9-84jrkgPZIj7iR4pJpPTA.jpg'),
	(567, '513daa46e4b0e8ef8f666409', '50db1668e4b0f0bf68e0a8b1', 'https://irs0.4sqi.net/img/general/960x541/25530697_nmnlAMqPZeyUdn7ecV6LyZZbEtex-b65zjWcbZGj_Ms.jpg'),
	(568, '51576522e4b00f5f99bae40f', '50db1668e4b0f0bf68e0a8b1', 'https://irs3.4sqi.net/img/general/960x720/52034780_9D6cR7wva1Kmnvb9RzgSNV_F-HKo5Adgh6-VJZgA7eE.jpg'),
	(569, '52231dc611d2d2105755b896', '50db1668e4b0f0bf68e0a8b1', 'https://irs0.4sqi.net/img/general/832x832/37319918_tufz1v0QGId0OOytFo_PkGvdZa2CmPvUxQohHylH8x0.jpg'),
	(570, '52e68e8a498e62509259e7d6', '50db1668e4b0f0bf68e0a8b1', 'https://irs1.4sqi.net/img/general/720x960/50586229_earHnA2L1axXyM940QaL36mbyCeySCdv5T4DdRdvwqE.jpg'),
	(571, '5214c1e611d2cfb143700d45', '50db1668e4b0f0bf68e0a8b1', 'https://irs2.4sqi.net/img/general/720x960/44936145_IUmNh6R1tbapgt_dlZb33v5E6ty2OZ-OlZkPBp69if0.jpg'),
	(572, '50db1694e4b02e4097d076d5', '50db1668e4b0f0bf68e0a8b1', 'https://irs2.4sqi.net/img/general/720x540/29649271_zg-7pquOKQxd2VLfZGFg1-du2h-3BOaE6ESnD4q3Um8.jpg'),
	(573, '52231d6511d2c23ba5619e01', '50db1668e4b0f0bf68e0a8b1', 'https://irs1.4sqi.net/img/general/960x960/37319918_9Uao0CQxfWXx7plPKgELsHHp1CFKsOqBX_vXpLSuuUk.jpg'),
	(574, '53752227498ecb022a11e282', '4f8f04fc7b0c69f4f91d2038', 'https://irs0.4sqi.net/img/general/960x720/82562479_lFW7QQvulznTXm77ZvgKqXu_kuSbRERkpvT4LfWezzg.jpg'),
	(575, '53751fa9498ea9b72182b25a', '4f8f04fc7b0c69f4f91d2038', 'https://irs2.4sqi.net/img/general/720x960/82562479_khlyZub6M_9CllziW7y7uLhWJm-l1EUhSkCQUre-r2c.jpg'),
	(576, '528ce7b211d2580b6a3b617e', '4f8f04fc7b0c69f4f91d2038', 'https://irs3.4sqi.net/img/general/960x720/72026044_avF6AVBEXit8qYHVk96jNmmoXKrD5T0ToStO74TAWq8.jpg'),
	(577, '536a141c498e13f638d329f8', '4f8f04fc7b0c69f4f91d2038', 'https://irs1.4sqi.net/img/general/960x540/83138658_ZDcS__GXtEyJ00lfHnt7O_Lm3wEiT-3tcwUCMgPKw7Q.jpg'),
	(578, '53d778a5498e62c43ad578ec', '4f8f04fc7b0c69f4f91d2038', 'https://irs1.4sqi.net/img/general/720x960/27246728_-rihEt14HIZx8rEGi48WUJGUypPrc-a7CCsTaseoUsA.jpg'),
	(579, '53751fe6498e19a3c20647fd', '4f8f04fc7b0c69f4f91d2038', 'https://irs0.4sqi.net/img/general/720x960/82562479_ruNBsCw781qhZzkqcht9Z7t6RwOVCKI1GQ0gA6tbdPk.jpg'),
	(580, '51e8561b498e4c1819158b07', '4f076805e4b07c8f8b08cd7d', 'https://irs2.4sqi.net/img/general/960x960/28537941_RMdgh6nTW8QKJk0O3Mi4A2ywdRJ6EQw9VpTnpZgnbdk.jpg'),
	(581, '518fcc23498ea6bd76dd42bc', '4f076805e4b07c8f8b08cd7d', 'https://irs0.4sqi.net/img/general/720x960/55969908_bjt7OQm8dyVGkhBmyTdpgh6b1RmjwCf8edibSPVkdu0.jpg'),
	(582, '51bf2863498e7a734b2885cd', '4f076805e4b07c8f8b08cd7d', 'https://irs0.4sqi.net/img/general/612x612/9416763_AysDaFvMKIhlLEmlPfWDG7KtEKRMsz3IU3tAX_KEprs.jpg'),
	(583, '4fa983dbe4b04afbc0eab050', '4f076805e4b07c8f8b08cd7d', 'https://irs1.4sqi.net/img/general/540x720/V-cl0hh_mZNkaNlWWqJvctuCX_DECcCfLDJarzTAB0c.jpg'),
	(584, '51eab082498e84dd48cbe749', '4f076805e4b07c8f8b08cd7d', 'https://irs3.4sqi.net/img/general/960x540/35811853_-JEVlLQJnZR9xNoBEVKQqgzW4i1bNqwzuzQMdSHUOn8.jpg'),
	(585, '50db3049e4b0be098dff8a99', '4f076805e4b07c8f8b08cd7d', 'https://irs3.4sqi.net/img/general/540x720/39877833_DR13CRxbDBHbPIyMhlciNAERkDAA-syxU-2F4QUtwJ0.jpg'),
	(586, '510197f2e4b046677c6a9c63', '4f076805e4b07c8f8b08cd7d', 'https://irs2.4sqi.net/img/general/720x540/44931926_obbPlzVL2E3sN-l_2wxLL0G66kwHxEBkMUdX-ar8crk.jpg'),
	(587, '51e06f31498e70292f66aa60', '4f076805e4b07c8f8b08cd7d', 'https://irs2.4sqi.net/img/general/1434x1918/44203322_0wif0Vz7BjFgwdcLxJFNytwBNA4WruHm1EKnfg75a6o.jpg'),
	(588, '51616785e4b0e00e4c0dcb1a', '4f076805e4b07c8f8b08cd7d', 'https://irs1.4sqi.net/img/general/720x720/19223586_4lHxPPaG6WYcSF5M-OMPzuiMeFTwFD3_5WI6UHIYLBQ.jpg'),
	(589, '545553f8498eb3c3a79f95c8', '4f076805e4b07c8f8b08cd7d', 'https://irs0.4sqi.net/img/general/720x960/47317964_GBqr9RAW7QSkAPTFmcSkx4UN_sVWlml3w_7KRM20H_M.jpg'),
	(590, '5224e7e611d2d97197f7b916', '51c1e843498e3151239a0300', 'https://irs1.4sqi.net/img/general/960x720/11254300_Guh7O33rH0B1nI33RgXVswbXI1mZjXmUOFMiegOsv9M.jpg'),
	(591, '5224e7eb11d2e9be8ab55346', '51c1e843498e3151239a0300', 'https://irs0.4sqi.net/img/general/960x720/11254300_wyS1RH6fpep5iyu39JKWoWRMmYz3loa2eYxMIUmQuPM.jpg'),
	(592, '5205219211d2876e6cca3006', '51c1e843498e3151239a0300', 'https://irs1.4sqi.net/img/general/720x525/48988068_pejKsxDXkMIx_jBBfgbsviidN3msgrh0jbZ-wg9bCWM.jpg'),
	(593, '5207b1bb11d205554144b683', '51c1e843498e3151239a0300', 'https://irs0.4sqi.net/img/general/959x717/59998645_rRjO3rkSVNesq4-vHhRKPLsUlIkawpagClK2YxJqf00.jpg'),
	(594, '52517a1b498e6215ff5cf415', '51c1e843498e3151239a0300', 'https://irs3.4sqi.net/img/general/612x612/10809608_rx6Rue_BCrRVxVbyD4CvChfsi14k-_jHGh6PMLrkXZE.jpg'),
	(595, '51fab021498e41b006fe696d', '51c1e843498e3151239a0300', 'https://irs3.4sqi.net/img/general/959x717/59998645_pxPptlRlDeu59YchBdSk8iy5J_1WiNKGHl1CVuQXIEI.jpg'),
	(596, '520a7a5311d29a45b69266cd', '51c1e843498e3151239a0300', 'https://irs3.4sqi.net/img/general/720x960/6524787_RGomWDJj37zIAPxTE2KS0z7v6E7WmBl1hkOSMN3lu34.jpg'),
	(597, '5247072d498ed448691b7db5', '51c1e843498e3151239a0300', 'https://irs0.4sqi.net/img/general/720x960/48909709_pdgXNVfGRv5u9xlnM9W8eE3Gc7OiP2ERCjfyMgqO1Ow.jpg'),
	(598, '51fbe2bf498ef0c2d5b66ba0', '51c1e843498e3151239a0300', 'https://irs3.4sqi.net/img/general/960x720/7556457_rbVbGwxkqz4zKfyN2j0QFAa-ai_MrcadkoJAQIPYA8M.jpg'),
	(599, '53935117498e0d79f6db7ba1', '51c1e843498e3151239a0300', 'https://irs2.4sqi.net/img/general/960x720/77359383_m5j9BIGcb5tDLH8wHrVx35d0FwRj7-O4mP9jx01rQtI.jpg'),
	(600, '50366c22e4b084f7d93c1bb5', '4db3275aa86e8d27076a1737', 'https://irs1.4sqi.net/img/general/720x540/oW7BDkWzosT7mBse9JpWzhsv24RYLO76lHGG_oneWrA.jpg'),
	(601, '509e7f88e4b08f34f888582b', '4db3275aa86e8d27076a1737', 'https://irs2.4sqi.net/img/general/540x720/12692306_4rcinMperxQeKhQEBSIZ4L7Pk8ksDQx2CZ683blQD9w.jpg'),
	(602, '515f1d70e4b063f826cd6331', '4db3275aa86e8d27076a1737', 'https://irs0.4sqi.net/img/general/959x717/47638938_fRfnS0k4qfLEipEHrSY3kcT0gJqy03ZeuhsazamAIVI.jpg'),
	(603, '5155ddc0e4b0f7a1b889e59c', '4db3275aa86e8d27076a1737', 'https://irs2.4sqi.net/img/general/720x720/47638938_En2SSTxGJPmY6cUGBLYfoA9fOslnUw9PPPzA68PHsMc.jpg'),
	(604, '50a277eee4b0eea671d20a58', '4db3275aa86e8d27076a1737', 'https://irs3.4sqi.net/img/general/537x720/29261179_P-fZL1kOUsdkXlNhzcoiUXbiv0pUAdYsRR1zI2A9ZQs.jpg'),
	(605, '4f9eec61e4b02aa9c1ef69fb', '4db3275aa86e8d27076a1737', 'https://irs1.4sqi.net/img/general/540x720/nGKqWcSpEZqOztATkvREmXSMRbQsKNOdaHJSdQ5jD6Q.jpg'),
	(606, '5165ae86e4b02f6ca116e054', '4db3275aa86e8d27076a1737', 'https://irs2.4sqi.net/img/general/1920x1432/53040127_JK7XsbzonQLjKIG_93VCiR8Vtufb58mMx-G1IZ53UUk.jpg'),
	(607, '50104982e4b0c0d1a9340fc3', '4db3275aa86e8d27076a1737', 'https://irs2.4sqi.net/img/general/720x537/z7vAaxF_4DGLqHrJ2CVG04rdj_-f-8H8i9rP8XABxQ4.jpg'),
	(608, '50e46a61e4b0437c550800ca', '4db3275aa86e8d27076a1737', 'https://irs0.4sqi.net/img/general/612x612/15508685_7W5R7K8QCiR5dvlNNyl_f-xAm6A_0I4LljOQ0wuv1Z0.jpg'),
	(609, '524de4f311d26105ad19d44d', '521ccf25498e17b837f62b9e', 'https://irs0.4sqi.net/img/general/612x612/36840049_qk7ukxGt1fptFu53fbxE7Vmr12w_ElKScAo8ZNfm3cg.jpg'),
	(610, '521cfb6b498edec235deccdd', '521ccf25498e17b837f62b9e', 'https://irs2.4sqi.net/img/general/640x960/57175724_SkmS1kuotbUxL1jmbaapFUbavzqZffyrACBmj7bRxs4.jpg'),
	(611, '5235e5ec11d21bedf144f573', '521ccf25498e17b837f62b9e', 'https://irs3.4sqi.net/img/general/612x612/61415295_VfMtp-4V_zrojwVBlHRC-4v9gTeh8fHbiFJPOmjwfx8.jpg'),
	(612, '5227896a498eb44f1a7ac01e', '521ccf25498e17b837f62b9e', 'https://irs2.4sqi.net/img/general/720x960/35693903_NU-9TwXhqKCn0I2Bpb15qW34-BWldCkfew5n00WhwcU.jpg'),
	(613, '5245ddb6498e1a595c1e0fef', '521ccf25498e17b837f62b9e', 'https://irs1.4sqi.net/img/general/640x640/61415295_4Q7QitHhggG8SWQMHRdjBZckJ0e3SPOr0XCVrviAb-Y.jpg'),
	(614, '5266d33411d26cd28ac02bb5', '521ccf25498e17b837f62b9e', 'https://irs3.4sqi.net/img/general/720x960/19412118_A64EJmT4yJEPj6TQF5dj1slmhjYvHoiBoX_ZPIn5bDA.jpg'),
	(615, '52255a7311d220f830dda822', '521ccf25498e17b837f62b9e', 'https://irs1.4sqi.net/img/general/540x960/20320115_BC0NTgD4vLFOvOL69K6c5e3z611EoFdDfCl31C9RcZw.jpg'),
	(616, '5277eb0011d21edd768a882a', '521ccf25498e17b837f62b9e', 'https://irs2.4sqi.net/img/general/717x959/42254423_M9aeBJxK4AE7kQx4olZWoVT6C0gWY4cogFcpWOAVUA0.jpg'),
	(617, '525d979411d299821d36e27f', '521ccf25498e17b837f62b9e', 'https://irs3.4sqi.net/img/general/640x640/61415295_gICNSn99f_9TslfIiWO3NQcLV6XCPqYb6LJfDU2bShc.jpg'),
	(618, '4e7e2398d22df43628b5fd66', '4e29a0d27d8b61336198cb89', 'https://irs2.4sqi.net/img/general/720x540/NWDN0YHEBH1EHSCRE0HWAM55MCYEVMLFHZT0NT0H1LAM2P1Q.jpg'),
	(619, '51632face4b0bbfeaacffb8f', '4e29a0d27d8b61336198cb89', 'https://irs2.4sqi.net/img/general/720x960/39877833_WQ1xK9P0MZKmmrpD-zg4UXwjSlI-APoomIvA_KL4ePE.jpg'),
	(620, '50f00e2fe4b0052189c075d3', '4e29a0d27d8b61336198cb89', 'https://irs0.4sqi.net/img/general/960x720/41123967_Ikoa4_6D7gTt3JvG2Gp6aHGbfmND_pvaZn1JukU56do.jpg'),
	(621, '4e440a2ba809d4ed1bb7268b', '4e29a0d27d8b61336198cb89', 'https://irs1.4sqi.net/img/general/720x537/WMBWMUT3KJRQZAYMPNM5FEGO3NY3AA31CERHV3ZQ4RQLK4J5.jpg'),
	(622, '4e5228f762e1f6d84aa43a8c', '4e29a0d27d8b61336198cb89', 'https://irs3.4sqi.net/img/general/720x480/OABF3R3GBPZ33Q1MNVCKU3D0KW4SKO5QAPHDCEFVPPW5XURI.jpg'),
	(623, '4ed075bd490168f8cfec1f6d', '4e29a0d27d8b61336198cb89', 'https://irs0.4sqi.net/img/general/540x540/RT0PQ3VGINFNE2MOHCIL3ADE5X5SJGG2RQQG2KIJPZ4DNUEK.jpg'),
	(624, '51812b03498e745015793390', '4e29a0d27d8b61336198cb89', 'https://irs2.4sqi.net/img/general/612x612/35693903_zj6Sz20GthDlO-O1NiQO0esP__6LpUrHfsYgblJoQ2g.jpg'),
	(625, '4e48261ab61c03d0cd2307c9', '4e29a0d27d8b61336198cb89', 'https://irs0.4sqi.net/img/general/720x537/4RLFORASW2EZ5IONA0KFMIL12CXYTUAIXYJ2DDXFQRIWG1O2.jpg'),
	(626, '4f6e12c5e4b0f577d2859d02', '4e29a0d27d8b61336198cb89', 'https://irs2.4sqi.net/img/general/720x537/PFBfvbtk7R4CbDaQqN1UHKCC3XgXRfDZ__s_3UrDL00.jpg'),
	(627, '50294affe4b0a90de380a46b', '4e29a0d27d8b61336198cb89', 'https://irs1.4sqi.net/img/general/720x720/r4RR9iuKbFRqzJ0wpvrg8f8cRcHMB4bhWe1pf_X5Ds8.jpg'),
	(628, '508c1ae1e4b055a758176e0f', '4e1741c8d22d512258777d15', 'https://irs0.4sqi.net/img/general/540x720/22760030_pwLOKF236VbZmmlBpTmdroL4ZND5w2Xes0DAEWHCVUo.jpg'),
	(629, '51f53764498e8841ab3f663a', '4e1741c8d22d512258777d15', 'https://irs0.4sqi.net/img/general/960x960/22760030_3c1IwlBsEjy4Ya5n9nP30Ov9ugrGDeZkWfGCiOjrN8Y.jpg'),
	(630, '5319c383498efc5a74826684', '4e1741c8d22d512258777d15', 'https://irs2.4sqi.net/img/general/720x720/79237534_EM2c8og-wcTUmOr7U2eW_MS5pwNZD8MrGdhZNlax_9c.jpg'),
	(631, '4fa93735e4b064af5087741f', '4e1741c8d22d512258777d15', 'https://irs1.4sqi.net/img/general/540x720/omRjQbuzhahaBvBG9TYrgAi6OQWV6gPA7xEaYU9RMYw.jpg'),
	(632, '4ffaae2ae4b05ae52582b59a', '4e1741c8d22d512258777d15', 'https://irs1.4sqi.net/img/general/540x720/2yCiWxy-GNUd0dvQdhoQ164LSmTez1CvwLLO1YVTEUk.jpg'),
	(633, '5207922211d228eee4ebff21', '4e1741c8d22d512258777d15', 'https://irs0.4sqi.net/img/general/612x612/44424448_CmPkD2In9G8EwVfHw_0fvGkXRv-JqJ7Omlz6iZ6tgQ0.jpg'),
	(634, '4fe04ccee4b0214434092bbb', '4e1741c8d22d512258777d15', 'https://irs2.4sqi.net/img/general/540x720/i-gVwt3w3na9Vqhv5W0AGF5oAwSD0SQTMKwVOz__ETs.jpg'),
	(635, '532d68cc498effc44e07fc8f', '4e1741c8d22d512258777d15', 'https://irs2.4sqi.net/img/general/960x960/22760030_zs9H9Mkj59lbiuvHXGg3MQwRXVbpvuHpcT87zCDafF0.jpg'),
	(636, '51e19979498eaa324228e8ad', '4e1741c8d22d512258777d15', 'https://irs0.4sqi.net/img/general/960x720/22760030_DfvxCiV9obWrx23nuScqMFuLFlXtMDARAY20bSPpDfk.jpg'),
	(637, '544ab690498ef479cd72ceb8', '53b461a7498ee2ec873c7075', 'https://irs0.4sqi.net/img/general/640x640/61415295_jgc4SdE0GpT6b2iDw72fg-nMfru3AgK-8Kfjz-WuH9k.jpg'),
	(638, '53ee32de498e15742c2013ba', '53b461a7498ee2ec873c7075', 'https://irs0.4sqi.net/img/general/720x720/57167988_T1PXMYovWGztZoTiY4G4lGqgli5HOYESgSokCxZGBAE.jpg'),
	(639, '544c0555498eb87308e7985f', '53b461a7498ee2ec873c7075', 'https://irs2.4sqi.net/img/general/640x640/61415295_vmdZf68QOFvokcfrYofbWyEVwkolvl_vQSqmjmeObFM.jpg'),
	(640, '53d7c166498e516ff8b826d5', '53b461a7498ee2ec873c7075', 'https://irs3.4sqi.net/img/general/960x540/81972820_aqjqJySHLofPYEN_QTq7p7-xCeMZpyvJmpwibDeOqYA.jpg'),
	(641, '544e04cd498e6a719a734208', '53b461a7498ee2ec873c7075', 'https://irs0.4sqi.net/img/general/640x640/39420150_uKt3erLfcA4eoFfxqjahB82LAZe5Dcs4ujOSQp-w7Sg.jpg'),
	(642, '542717a2498e62f9115cea9c', '53b461a7498ee2ec873c7075', 'https://irs3.4sqi.net/img/general/960x543/39877833_BbSLle7SRTqGvgUolpyE8yzZir1ZomqWyEOo-7vVeEw.jpg'),
	(643, '5406d2eb498e8da12932dfd1', '53b461a7498ee2ec873c7075', 'https://irs1.4sqi.net/img/general/960x638/92314978_aFYAVb3x651Q6EfO9Vl1lE3tqwsY5G7INJtUgPqJHos.jpg'),
	(644, '540a3d34498e5146c77b3dbb', '53b461a7498ee2ec873c7075', 'https://irs1.4sqi.net/img/general/640x640/42725538_YTkujiW8Hbo91YQHp_lgyHRlKe5I9e1IFPDBzJq0ffc.jpg'),
	(645, '541f11c4498e08eaad581a07', '53b461a7498ee2ec873c7075', 'https://irs2.4sqi.net/img/general/960x720/87861672_dEpUHkjWRlWNZMvI2Vl1e1pMJrHdd9EDpN8gt6Bh__U.jpg'),
	(646, '519531a1498e3a9d5a4ff346', '518bb57b498ea67bce0f3ddc', 'https://irs0.4sqi.net/img/general/575x960/35777044_8Z_VAuA_w91CaITBT2KVDw_iQyqCUkHD9iCFOeFZCSI.jpg'),
	(647, '518bb603498e37458b611f1b', '518bb57b498ea67bce0f3ddc', 'https://irs1.4sqi.net/img/general/1920x1440/36281691_GS0UbOd__aogMiInEKUt7eywTNcknv3i8udd12z1YZ4.jpg'),
	(648, '5197c861498ee2ba6ab22ecf', '518bb57b498ea67bce0f3ddc', 'https://irs2.4sqi.net/img/general/960x720/25491538_ygTYDRtLbSZ2dkodEr_C9Y1DAhBOXCSNvwhuBULtJyE.jpg'),
	(649, '518bb5fc498e33a20c5e6089', '518bb57b498ea67bce0f3ddc', 'https://irs1.4sqi.net/img/general/1920x1440/36281691__M7i4RJpjHIopOraRPQ6AX4jwrQcZwnzR3HNjkkQzU4.jpg'),
	(650, '5197c41e498efa68e8ff09bf', '518bb57b498ea67bce0f3ddc', 'https://irs1.4sqi.net/img/general/960x720/25491538_SbLcjYi8ktEeRFZu9-Q3-0A7RUKjj-1jgtJSbw37l5A.jpg'),
	(651, '518bb60f498ed1d76de9ce05', '518bb57b498ea67bce0f3ddc', 'https://irs2.4sqi.net/img/general/1920x1440/36281691_moXQBoQ1v-ol_7ArIkpqlQQp2S3E2DA682RIv4kGECg.jpg'),
	(652, '520f595111d232287b26d51f', '518bb57b498ea67bce0f3ddc', 'https://irs1.4sqi.net/img/general/960x720/10068972_cwxt1Da3_nyETRslqFzjyf90UkBCgQptP_BaxcgXSoA.jpg'),
	(653, '518bb6ad498e3255022c9ca6', '518bb57b498ea67bce0f3ddc', 'https://irs1.4sqi.net/img/general/1918x1434/20590567_FAbhwGDa1HtAhEokiNeBWJ1cvOWy66s2soyIQN4br_s.jpg'),
	(654, '518bb60a498ee5918b2936c8', '518bb57b498ea67bce0f3ddc', 'https://irs0.4sqi.net/img/general/1920x1440/36281691_jnOeHNg2TM-iASIQ1t1MQ-xcjZ_8E3mhB1-5hM4QZho.jpg'),
	(655, '52414da311d21eb7141f2aeb', '5224ce0411d2e80b1aaa5fe5', 'https://irs3.4sqi.net/img/general/959x717/8453364_ACH8BBMmCtgiSI_gLFouHhu-_H7GSL9bnOwZoYthW4c.jpg'),
	(656, '5264547611d220157f29e768', '5224ce0411d2e80b1aaa5fe5', 'https://irs3.4sqi.net/img/general/2560x1770/25557321_ioB4k7goTDui-8kn0b6KakdF6UtA-sTtBqBERLCCTSw.jpg'),
	(657, '52645d7e11d2d09ce584be1f', '5224ce0411d2e80b1aaa5fe5', 'https://irs0.4sqi.net/img/general/2518x1679/69752950_9TI0ZELXtUVCX96zl9PN4ZMjlFwzMnIUGlqKZ7ZlOx8.jpg'),
	(658, '528fac1a498e5ae9980a29a1', '5224ce0411d2e80b1aaa5fe5', 'https://irs0.4sqi.net/img/general/640x640/61415295_XK5cTbmQRoECwf8wjKAAME3f7Hz5BUAsxscryTGxJ3s.jpg'),
	(659, '527b804511d2f132e7933978', '5224ce0411d2e80b1aaa5fe5', 'https://irs1.4sqi.net/img/general/960x720/7556457_imP5SJvxe52ZqexB8npCHmAXaFeafZ_t-hLtf8c6E3w.jpg'),
	(660, '52a38be211d28285aa0302c7', '5224ce0411d2e80b1aaa5fe5', 'https://irs3.4sqi.net/img/general/960x720/25557321_0e4amfpYMPYTMIJpvL2SI6WcvhXvMrJq5aS3ZvjDCmE.jpg'),
	(661, '5239bf0d11d2cc156e0fc610', '5224ce0411d2e80b1aaa5fe5', 'https://irs3.4sqi.net/img/general/720x960/26771142_zy0pHhyNj8BWqoGydi8PX_yD7xxp_Atj20kvhHauHtM.jpg'),
	(662, '528f4219498e5fe343976742', '5224ce0411d2e80b1aaa5fe5', 'https://irs0.4sqi.net/img/general/720x960/62899229_dM626h_2luOADePO2fMLEHY8PeC7bC9MlIhL_8NTyEc.jpg'),
	(663, '52867cba498ed83e911fab86', '5224ce0411d2e80b1aaa5fe5', 'https://irs0.4sqi.net/img/general/720x960/62899229_gDQsslzaiJ7hry3eIF3W_0JjsH3G78qms4iUyF5uCww.jpg'),
	(664, '5454e126498e3e8f422f5705', '5224ce0411d2e80b1aaa5fe5', 'https://irs0.4sqi.net/img/general/2688x1520/90246484_4WPg02Y3D55mIb5pKEVLFWVRkxuZuBErWlNfwIl4e18.jpg'),
	(665, '5201350f498e8e4d10836059', '4f5bee34e4b0ea859913e296', 'https://irs0.4sqi.net/img/general/720x960/61888943_QCtFI6Zwwg7OVafhCUDAER9v_NSkZDtIgQzrxJULCLo.jpg'),
	(666, '51f6e768498e23b8213abf19', '4f5bee34e4b0ea859913e296', 'https://irs0.4sqi.net/img/general/960x720/61888943_-T46xaE2Z6MyXBK_14BpKAW4i4VomWjtLaeeas-EXbc.jpg'),
	(667, '51f6e525498ed3f525f15c23', '4f5bee34e4b0ea859913e296', 'https://irs3.4sqi.net/img/general/720x960/61888943_xVr8_XLFaJFh3xGgaqToWcQpqZXuV_E2Eb5JAVLYu7w.jpg'),
	(668, '51f50581e4b07911029c2005', '4f5bee34e4b0ea859913e296', 'https://irs2.4sqi.net/img/general/720x960/61888943_1XnFMymswRs0Q2B8f1XWiROAe89utJn34ZM9vrUv71k.jpg'),
	(669, '4ff0b7cbe4b05cede0aa66ff', '4f5bee34e4b0ea859913e296', 'https://irs2.4sqi.net/img/general/540x720/BLG3kKsmVoHKrvUSTdU7X9hFlN5AFEHWqAX_GH3d1Yg.jpg'),
	(670, '525b136b498e7f80e73cd7f6', '4f5bee34e4b0ea859913e296', 'https://irs2.4sqi.net/img/general/640x640/39420150_ohhbaDJIghKGPrI2_nVnIZYoQwi1AFWnobbTC9bqTrc.jpg'),
	(671, '51f54812498e43c8737b6924', '4f5bee34e4b0ea859913e296', 'https://irs2.4sqi.net/img/general/960x720/61888943_FfadT1XnVHKAbuVh8wF-N6UIhMdj6XI352f6wSNTyNc.jpg'),
	(672, '51a13227498e3059691463bc', '4f5bee34e4b0ea859913e296', 'https://irs2.4sqi.net/img/general/720x960/52803139_hjsonCsmBrO8JANt_i7FRjTdRjC-3L5lBovFnESmtTU.jpg'),
	(673, '511e9f20e4b00145d4a7818e', '4f5bee34e4b0ea859913e296', 'https://irs3.4sqi.net/img/general/720x540/42725538_a1m5Fo5rYXixe3odqWsXDe5PHV08AIR7TljlQpW-Jfc.jpg'),
	(674, '5160994ce4b08cccfb98030a', '4f5bee34e4b0ea859913e296', 'https://irs1.4sqi.net/img/general/960x720/44836315_ss_RJX820Sbs-AB0mwX90OiJ1Dmfwe5WOKWFErVXJdU.jpg'),
	(675, '5149ff54e889131d00344977', '4dfce755227185f38b9673ea', 'https://irs1.4sqi.net/img/general/576x768/45329568_qXIQPUF-pEFCimotWNX4dkMjmgCGeK-elIMf1Xyhw90.jpg'),
	(676, '517664df498ea4fd6621f9ff', '4dfce755227185f38b9673ea', 'https://irs3.4sqi.net/img/general/720x960/37875704_h6aIQy_zLdUySAnjF2zMplwZSrX6AXtR6n42wlYvmgA.jpg'),
	(677, '513e18a4e4b0bfae2fbb2489', '4dfce755227185f38b9673ea', 'https://irs2.4sqi.net/img/general/960x720/36360201_XSkwNwrJULlltluAtPhrz-qbpc8TPWYzO_ttJ5Fyz2c.jpg'),
	(678, '51f3be8e498e32fb42867f30', '4dfce755227185f38b9673ea', 'https://irs2.4sqi.net/img/general/960x720/44267735_ZJRzqwa2hjEinNIxBBE6VLLI5TSUpaddSI3NOOxbtpI.jpg'),
	(679, '4faaaedbe4b0aecc82d3a577', '4dfce755227185f38b9673ea', 'https://irs1.4sqi.net/img/general/538x720/2Em_gj_rXBfRv-nK5xcqf8R87WW7zptS9My9LtBe_y0.jpg'),
	(680, '4dfce79fa12d231074f992f9', '4dfce755227185f38b9673ea', 'https://irs0.4sqi.net/img/general/720x537/AF1XBZ0XHDB32FZY1LCB2XHLXYE34MB4LD2KECQ10NQBVFPY.jpg'),
	(681, '51462230e4b0315286c896a0', '4dfce755227185f38b9673ea', 'https://irs2.4sqi.net/img/general/720x960/50228558_W1bungLg9I7cuEO_mxjyyEFBC3i0OfWBt1eMJy5rrZ8.jpg'),
	(682, '520fa6d111d21a5da7f2be7d', '4dfce755227185f38b9673ea', 'https://irs0.4sqi.net/img/general/717x959/48013179_eloDmESb7fGvT_L-lNaYYzN9WLR8vV_i9NH246GFs1U.jpg'),
	(683, '51953ad8498e61d61a80f67c', '4dfce755227185f38b9673ea', 'https://irs2.4sqi.net/img/general/960x720/50228558_NxFXT-jtiby3mti8PH-SA3-ICmTnhFs5v2-E3y9lz3I.jpg'),
	(684, '51f96600498e6f1dc7fc6c15', '4dfce755227185f38b9673ea', 'https://irs0.4sqi.net/img/general/720x960/53030425_JAi5HfYGimweBRFAAAbsSdFWfSUPmg-NhQZ67VDnoC8.jpg'),
	(685, '5172e333498ed264fd9b596e', '4dfa6414a809fe774224a5f9', 'https://irs3.4sqi.net/img/general/1434x1918/50586229_eU1nNDNlUWSq95Il3Gtm-4vI4WQtiRkqnIGlLUeVNQI.jpg'),
	(686, '4fa6ec6be4b0752c6a81aebb', '4dfa6414a809fe774224a5f9', 'https://irs0.4sqi.net/img/general/720x537/182UFuRDia7oHqavfpD8gWFP5e0aH1VJCpJNIf68zEc.jpg'),
	(687, '50e20962e4b0bb7aed6b5ade', '4dfa6414a809fe774224a5f9', 'https://irs3.4sqi.net/img/general/612x612/9416763_n7zdRb4eFhOK1t7Rgaukm2ePEYcIB28GtgHZPq77a2Q.jpg'),
	(688, '4fa6ec79e4b0bbcd4b0a7015', '4dfa6414a809fe774224a5f9', 'https://irs0.4sqi.net/img/general/720x537/CD8z1dgAz85zn7Js79b0lU_Rt0YVwEO94tuZQGuU5TQ.jpg'),
	(689, '50b13e44e4b0be4ddf4bde42', '4dfa6414a809fe774224a5f9', 'https://irs3.4sqi.net/img/general/612x612/9416763_-RIyaxYWCCdYyoZAEjCv2j-BN1kSV-O3cW5j5UQnroQ.jpg'),
	(690, '51489e1de4b0459c994540bb', '4dfa6414a809fe774224a5f9', 'https://irs0.4sqi.net/img/general/960x720/41350495_-oMvxaeiH6ssFrsX7geX0bIWUHLRLggbatY0jHcjkCU.jpg'),
	(691, '4f7ddb3de4b0fe094190d950', '4dfa6414a809fe774224a5f9', 'https://irs3.4sqi.net/img/general/612x612/k8e9WcFenbPJ_LDmFXkDvhradhkeMgpHr2AjppeJiDM.jpg'),
	(692, '51f01300498e3faddfd65bdf', '4dfa6414a809fe774224a5f9', 'https://irs3.4sqi.net/img/general/720x960/52310151_TayrDogswBEICAdQWicQNB5L7HAJArGpfpi2E_cfXNc.jpg'),
	(693, '4fe5c026e4b0176e69221ff2', '4dfa6414a809fe774224a5f9', 'https://irs1.4sqi.net/img/general/540x720/drHx-Dhfd-h1B4sszt7W-onRgo5FCTUMU6G07f1Bb0I.jpg'),
	(694, '512a78bfe4b0d9d009a8d326', '4dfa6414a809fe774224a5f9', 'https://irs0.4sqi.net/img/general/960x540/44931926_bLwRNh9TrDb6aWXPd1ULiKpsHP-WMgZ0aMs-73OGXbo.jpg'),
	(695, '52def92511d23abb70f4a121', '5228bc0111d2c5b343a6a202', 'https://irs2.4sqi.net/img/general/640x640/61415295_Ut6bYTCLoTMV1vbM3w4phIgYbUAnohLrVDqMndqI1rA.jpg'),
	(696, '540a0d3c498e2918dcd9e9ca', '5228bc0111d2c5b343a6a202', 'https://irs3.4sqi.net/img/general/720x751/61415295_AWAITaBZ-uwo2SVjyND5bIjtAHPyQlIeLW_rEMv3VTc.jpg'),
	(697, '5357cb4f498e3aa05d61e3e9', '5228bc0111d2c5b343a6a202', 'https://irs0.4sqi.net/img/general/960x720/82562479_q48oZSUIZr6lOU-QsUSYdT8yFUF8n-CPEdYLNY9SFrA.jpg'),
	(698, '539dc53b498ef17fa514c273', '5228bc0111d2c5b343a6a202', 'https://irs3.4sqi.net/img/general/720x960/87234006_0rsM1wQwFbIEs85OwzuZR4cgew0_xXH1cxQ6o8GTPao.jpg'),
	(699, '5357cb6c498ec084ef651268', '5228bc0111d2c5b343a6a202', 'https://irs1.4sqi.net/img/general/720x960/82562479_aQAzYq93pBEPbXdGRm2ofLLA1Hl_rPbkKs1z1BDFT-4.jpg'),
	(700, '53e299a3498e56c1e403897e', '5228bc0111d2c5b343a6a202', 'https://irs3.4sqi.net/img/general/720x960/29854013_xtAl_nLfRaJjtlu2TMWXL0E8qp-BL7bBHKqDXCVzk6A.jpg'),
	(701, '537e654f498e248c0dd80dc2', '5228bc0111d2c5b343a6a202', 'https://irs3.4sqi.net/img/general/540x960/85459461_fh7WqEYhevSTBqTd3faeBo9UwIhQ1YLI-FeKOltJPbc.jpg'),
	(702, '528fb0e311d246885426180d', '5228bc0111d2c5b343a6a202', 'https://irs0.4sqi.net/img/general/640x640/61415295_JBpk40JCOybeLpMKNBJ5Y6CFWO_ZrhHUNSKhSjsn3iY.jpg'),
	(703, '5228bc51498e17bf51cd44c1', '5228bc0111d2c5b343a6a202', 'https://irs3.4sqi.net/img/general/720x960/19412118_c9vI46fbDlR7ngHtdVCI6EAObORGlRgfIwRyCSg3Z3w.jpg'),
	(704, '515057c67043b8685187a707', '4e57d2c0483b0fb7715b04c7', 'https://irs2.4sqi.net/img/general/640x427/45329568_l59DXndfFdnIKxc8uiorGhs70G7SLsbOjc6vCF5vLTc.jpg'),
	(705, '53b4452a498e0fed6791509e', '4e57d2c0483b0fb7715b04c7', 'https://irs0.4sqi.net/img/general/540x960/82532580_Mnd9IOprWK1drlzvxamToia5cfE6PK1CylzNOIR_XS0.jpg'),
	(706, '523df13f11d2f542243378b2', '4e57d2c0483b0fb7715b04c7', 'https://irs0.4sqi.net/img/general/960x540/9079760_0Wvk9_6n0ywYsoiqKavQ6DARUMWeojYvKnkzxty5nzI.jpg'),
	(707, '51f55fc3498e7d96d77f07aa', '4e57d2c0483b0fb7715b04c7', 'https://irs1.4sqi.net/img/general/960x720/33015867_5anJjj0y3JOseNBqsFE3Y-ReYkbHo0dKMrCeDCFOnvk.jpg'),
	(708, '51fd35f4498ef86623def0ed', '4e57d2c0483b0fb7715b04c7', 'https://irs3.4sqi.net/img/general/960x540/33015867_aJ5DbVex6jTBNpSVXEvpL5y9yF6NKgt9KLv-aVzlpm8.jpg'),
	(709, '5393500a498e7b8a245f6d83', '535ed439498e56aa7b0f9574', 'https://irs2.4sqi.net/img/general/720x898/73533367_3PjHvp_AcPEmYpb_24TogXIlW6mr1OWQ3oEsyr7E764.jpg'),
	(710, '53dd6725498e9c5de41ea30d', '535ed439498e56aa7b0f9574', 'https://irs1.4sqi.net/img/general/720x960/82562479_toT26guXVPvs2MSmumYYIRvdXs-bUWlZJaSiwAsdzEc.jpg'),
	(711, '53ef3132498e61fd749d1a90', '535ed439498e56aa7b0f9574', 'https://irs3.4sqi.net/img/general/640x640/89055349_xAu3fba5jX0bXXvcWXwBsSR3i_lg3j4I_mKncdrzBEo.jpg'),
	(712, '536d47e3498ea6d9bbe0502e', '535ed439498e56aa7b0f9574', 'https://irs1.4sqi.net/img/general/720x960/82562479_LVXbsovZUL7eD4Zn2M2aSD5WMgPTaDPGJOkdMiNqv4k.jpg'),
	(713, '513258f0e4b04f7740132ce2', '503e6508e4b0bbf1c32f0052', 'https://irs0.4sqi.net/img/general/960x720/49143015_W9a56-tZ7WyQ-VMHd0M1wG0R2Q7JKi__34OxxslSkvc.jpg'),
	(714, '53b1d74811d2a7996882b67a', '503e6508e4b0bbf1c32f0052', 'https://irs0.4sqi.net/img/general/720x960/82562479__gfiWHTxjqnaDLZi5p8OZ4LRAaCUoYvgBlXeSy9MrOs.jpg'),
	(715, '525aebcc11d2c92f38f9e5ca', '503e6508e4b0bbf1c32f0052', 'https://irs2.4sqi.net/img/general/640x640/63456961_ZrXhOi2ViFIhbHsGAjWJU68eSJvqiYCLvZKpBYki9iQ.jpg'),
	(716, '525aea6f498ee79610a95d87', '503e6508e4b0bbf1c32f0052', 'https://irs3.4sqi.net/img/general/640x640/63456961_-K8vOvdRnHqdl3mcqKWlYMnB6FK97S-UbN8CcCCDiKw.jpg'),
	(717, '5189a1e9498e6545b9f85e55', '503e6508e4b0bbf1c32f0052', 'https://irs3.4sqi.net/img/general/720x960/55592126_UrmB2ZnMv7lof_hJLDtArK0w25w-emawO7cZTLUGmUE.jpg'),
	(718, '51325841e4b087250520a04f', '503e6508e4b0bbf1c32f0052', 'https://irs1.4sqi.net/img/general/720x960/49143015_s1p2J2RoQuTO7ASQVGYlY2VKZpE972Fh-2dBNnqkSzY.jpg'),
	(719, '514342f2e4b096dc029f3845', '4dc83cadb0fb860f173b46aa', 'https://irs1.4sqi.net/img/general/612x612/29285046_1QBAvvgrwTY6KULSqYmg8avIgNI0YslXTsBR8KE49Yg.jpg'),
	(720, '51434e81e4b002e3f4a38e68', '4dc83cadb0fb860f173b46aa', 'https://irs3.4sqi.net/img/general/960x720/29374761_9gkR_ImCfhSbkcldzilR2QVtl2cANzj3g1tPt-LtVEc.jpg'),
	(721, '514c9ee3e4b0e652eddf55e6', '4dc83cadb0fb860f173b46aa', 'https://irs2.4sqi.net/img/general/720x960/17793998_VkZwzQuXzwnymSIbzhsR2gWLJZcRL3vINN99cVK5mMQ.jpg'),
	(722, '51740f46e4b0f1593dd704f2', '4dc83cadb0fb860f173b46aa', 'https://irs0.4sqi.net/img/general/960x720/26716977_KVkCpqSNHNJNROn4fcXFB6-kKOPviOl14oDcvCeuxX4.jpg'),
	(723, '51041f35e4b00e387c10a028', '4dc83cadb0fb860f173b46aa', 'https://irs1.4sqi.net/img/general/612x612/9416763_Pv-z1G455ZLktjw_T-_nhHbPIldqftNtOi400RQVlaE.jpg'),
	(724, '51435177e4b0b071ebb3168b', '4dc83cadb0fb860f173b46aa', 'https://irs3.4sqi.net/img/general/720x960/29374761_iT8Mj12R6gWNNbC6ISH4Zu_rQS6ewGPtjBwmKzAhKsw.jpg'),
	(725, '5143604ae4b001dd12385c16', '4dc83cadb0fb860f173b46aa', 'https://irs0.4sqi.net/img/general/960x720/27246728_JlY9rVsq_nL75g_RQDMpEzZlP420d96gGrct6OQXMVc.jpg'),
	(726, '530e2b3c11d2f58bfde28a4c', '4dc83cadb0fb860f173b46aa', 'https://irs1.4sqi.net/img/general/640x640/61415295_aSIfwyV6G7fGQBkFK_77rzqT9K9u2geBblBvchPa9aY.jpg'),
	(727, '5351e7e9498e4ead25f40064', '4dc83cadb0fb860f173b46aa', 'https://irs1.4sqi.net/img/general/960x540/62692394_LTOwZDxKksLg8jQpXnaS6lsvJqLaAclfgRU-LnRbrRQ.jpg'),
	(728, '52b1e9cd498e4bdc659956a6', '4fbd9299a17cbcdd717c7b3e', 'https://irs0.4sqi.net/img/general/959x717/45584643_5zx1RJrXo8OBJ_bLjM5arlXz9iL547OBY_w8N9EqqpQ.jpg'),
	(729, '5172d775e4b0f951bed7348b', '4fbd9299a17cbcdd717c7b3e', 'https://irs3.4sqi.net/img/general/1918x1434/9613583_b_TRxs8ZL-5WCBxprZNbmjWE5cDRqGK9rilnPBI1RJ8.jpg'),
	(730, '53c1a67e498e3c5b225f32c7', '4fbd9299a17cbcdd717c7b3e', 'https://irs0.4sqi.net/img/general/960x720/27121906_sET8f7P6Nt3q7drNim-60S1ETasRsBeQaAQLjt-OmU0.jpg'),
	(731, '5172d72ee4b0145058a8973c', '4fbd9299a17cbcdd717c7b3e', 'https://irs3.4sqi.net/img/general/1918x1434/9613583_FV2dUvKb9AMxY1TGCcoDBu43rU7QgBOq28LFIZw6z_4.jpg'),
	(732, '51e1b6fd498e65d8844141e4', '4fbd9299a17cbcdd717c7b3e', 'https://irs2.4sqi.net/img/general/960x540/44932280_4YSnmpe0CW2KN-bMg4Kk6mggoofKRqTjSOXmG5UdE40.jpg'),
	(733, '4fa265fae4b0e0605df49f4c', '4f0893f2e4b0fcefa8ad6f9d', 'https://irs3.4sqi.net/img/general/720x537/KsWo6i6kCfi-DNV9X2QEt7lQe-RGhiY7IennbJ2mT_4.jpg'),
	(734, '51221821e4b048432b248b37', '505f4423e4b09e9783f973be', 'https://irs0.4sqi.net/img/general/737x719/42223280_IQmcxklfkFbxoxLSpr7Kqanv4f5HrDspcStAm8MAFLw.jpg'),
	(735, '53c0203f498e97b3501d286e', '505f4423e4b09e9783f973be', 'https://irs1.4sqi.net/img/general/720x960/87234006_dk0HQdLj0sPoksP5gaSVxtTf3RQL2baseV_SioxEeok.jpg'),
	(736, '5150554d7043b8685182feb0', '4ffa0b9ee4b0a7f741d753c3', 'https://irs3.4sqi.net/img/general/1024x761/45329568_WxesG8YdHGWfZnHSdllfqqbq9uDuQI0w7wZkmihNfJo.jpg'),
	(737, '51e08197498e9a0655aa4fa9', '4ffa0b9ee4b0a7f741d753c3', 'https://irs3.4sqi.net/img/general/960x720/57137551_-K1v50XPVp5fsWeb9lDUOzL9BzuWdRjp-58Yi_q1OE0.jpg'),
	(738, '53abeea8498e4f2ddf6d7a9e', '4ffa0b9ee4b0a7f741d753c3', 'https://irs2.4sqi.net/img/general/960x640/77215091_acKUxw3lcxqbJWKEpkGly4MgIZRh0WanbX7-FH7r5Jw.jpg'),
	(739, '53b0b659498e2ed7f12c6e15', '4ffa0b9ee4b0a7f741d753c3', 'https://irs3.4sqi.net/img/general/638x960/82562479_yuC9vQmJIHjQArWdjcxObGHs6VEq2hRDyV2tJw2ecQk.jpg'),
	(740, '53b0b68011d27e9dcdc7e2ba', '4ffa0b9ee4b0a7f741d753c3', 'https://irs3.4sqi.net/img/general/960x640/82562479_UF54FTkHuse6EAJWGN2sDcKrE_yCB4mlFmJlVbVUGG8.jpg'),
	(741, '53abede2498e31c558d11af9', '4ffa0b9ee4b0a7f741d753c3', 'https://irs1.4sqi.net/img/general/960x640/77215091_QEy3yx7pIwwPHaWq5LarNGX0yum14rxtOlfS7ko9HT8.jpg'),
	(742, '5228659811d233e6c822c7f1', '4ffa0b9ee4b0a7f741d753c3', 'https://irs1.4sqi.net/img/general/720x960/17531686_aSAooPjBtQx1AvCC7v45iBdW568aRwQ2XGA2lNv2RIo.jpg'),
	(743, '52643249498e476a1923d1f8', '4ffa0b9ee4b0a7f741d753c3', 'https://irs2.4sqi.net/img/general/720x960/24072454_GsXhT42lWhY-40Y26hbjmhn00h8CyR5d30ZXqZv-H78.jpg'),
	(744, '5228659d11d286329bbc41a3', '4ffa0b9ee4b0a7f741d753c3', 'https://irs0.4sqi.net/img/general/720x960/17531686_HeGKWvk0gp6EUqR2P2j8IxhrjXeEtUfwF2HTF1RCekI.jpg'),
	(745, '51e08151498e52c6206aa592', '4ffa0b9ee4b0a7f741d753c3', 'https://irs3.4sqi.net/img/general/960x720/57137551_FeAp6nwfIfEJ3qMAGkB9FMP2AJ3KoZllAFdzwUs60GY.jpg'),
	(746, '51c6e4e7498e538e6d23104e', '50014f35e4b0a4b26cc4648f', 'https://irs1.4sqi.net/img/general/960x720/49544919_FMKfEolzpMN4qcECMnGfCaf-4FizLGK3Rl-8AHGEZD0.jpg'),
	(747, '50f9204ae4b077facd706735', '50014f35e4b0a4b26cc4648f', 'https://irs3.4sqi.net/img/general/960x720/9079760_UayHpeXK0wAcC3FaDhhOSI-QLOQt88G1py1hb36QiuY.jpg'),
	(748, '50f92036e4b0d759badc75ad', '50014f35e4b0a4b26cc4648f', 'https://irs3.4sqi.net/img/general/960x720/9079760_G1sNhmfTN8rd1k3d1OATOml_QcHThl_Ntyaq8pZ8fKM.jpg'),
	(749, '50a8e200e4b0bfc916a06f52', '50014f35e4b0a4b26cc4648f', 'https://irs3.4sqi.net/img/general/720x540/9079760_cWBhnaehJJiYhLtEx-2ebLhq2PlHWAlOJOvdSpuKd_I.jpg'),
	(750, '518ebd53498e133a36f5e4e8', '50014f35e4b0a4b26cc4648f', 'https://irs2.4sqi.net/img/general/720x960/7171729_Mgc5V5MsGW_DJefTmZkvjhX8IgsLc49zp3I-Q-Sw7ek.jpg'),
	(751, '50a8e210e4b0740a18838ea3', '50014f35e4b0a4b26cc4648f', 'https://irs0.4sqi.net/img/general/720x540/9079760_buGD7kRBtJUqVW_gTK6qzd98uKuOE6ZI-qcBdQj9xZs.jpg'),
	(752, '51799e92498eb2ed72a1ad85', '50014f35e4b0a4b26cc4648f', 'https://irs2.4sqi.net/img/general/960x720/39420150_nO0Om2sAqUCOIBtLtlUC39czhq7DFGPG30dNIfzUrQQ.jpg'),
	(753, '51c4b516498ea67ea25b4a2c', '50014f35e4b0a4b26cc4648f', 'https://irs0.4sqi.net/img/general/612x612/49188376_opMhfrTt5EhnEsQVbCvKJmIk3Mu4WOpqfrUcmP89lWQ.jpg'),
	(754, '51807fe0498e679b0b658fc0', '50014f35e4b0a4b26cc4648f', 'https://irs1.4sqi.net/img/general/1920x1440/45960291_Yr30nzAf9pdYo0jr4O8p6dNMAz6ValJf2c1jy_gZf9s.jpg'),
	(755, '52cff0c011d2115ae07a483c', '50014f35e4b0a4b26cc4648f', 'https://irs1.4sqi.net/img/general/720x960/65020492_LMv4tZzPhUkL5zjTjrObuzMH2ePxs_Wz1HLVQbnB-8g.jpg'),
	(756, '53bc3a31498eea32de9dbf3e', '53b98c72498ed9a71eb09161', 'https://irs3.4sqi.net/img/general/720x720/32336946_MfYyAsJ4Pz35CGusj-cv4jShfZPSkHcH7kGUNq9D7Hw.jpg'),
	(757, '53becef9498eb5501bc7bde0', '53b98c72498ed9a71eb09161', 'https://irs1.4sqi.net/img/general/960x638/76870022_XiyyOj76LxiSdRnls9JxuBWd8hSM1yp5qVsJwsCsxBc.jpg'),
	(758, '53b98fd711d2ded3f8da1cdd', '53b98c72498ed9a71eb09161', 'https://irs2.4sqi.net/img/general/1244x705/76870022_KNfY-5B31gk32ENBTP3ysJMn7Rt-32grrVp0HZm2pZM.jpg'),
	(759, '53ee3082498e456ab5e7d068', '53b98c72498ed9a71eb09161', 'https://irs1.4sqi.net/img/general/640x640/88225225_5MBLlv0zFvjN3j_WbiDDho_8TQdOYpU0akP3Rws87zk.jpg'),
	(760, '53de3ff9498e0ae114977fdf', '53b98c72498ed9a71eb09161', 'https://irs2.4sqi.net/img/general/720x960/90366251_bJIad9B7jXEx6dZ48ISmezgoWm3mNRM21nArOYBqkQY.jpg'),
	(761, '53f5ec49498ed8931ad15da5', '53b98c72498ed9a71eb09161', 'https://irs3.4sqi.net/img/general/960x578/68936336_W1NjGXpyHg-IJxZe6HpCy4BN5ugizlPZFxqkx3zicSI.jpg'),
	(762, '5412fe00498e79647c4acba6', '53b98c72498ed9a71eb09161', 'https://irs2.4sqi.net/img/general/720x960/82562479_SQbKzmVj7BVD8VzmhDoiHwVJijMZV_jDH7S-izzLvrE.jpg'),
	(763, '53f81dfa498edf591b464310', '53b98c72498ed9a71eb09161', 'https://irs1.4sqi.net/img/general/960x960/11860698_vAyObavlZatSYUIM1VMdlz6WEQMr5m89CP2F3FPhNFI.jpg'),
	(764, '5422eabb498e4b0724c5731a', '53b98c72498ed9a71eb09161', 'https://irs1.4sqi.net/img/general/960x720/87234006_1fz9OnGDMDCDdN97zqc9gTl5xzd4ZP-Rx-VA3wevaZs.jpg'),
	(765, '5267cfe711d29b78dc86b9b3', '4d272015f7a9224b0151e89f', 'https://irs1.4sqi.net/img/general/720x960/69769621_fqa0aKKd34e0-8WoF-qFQSETyqElYpnSyCKemCm5yr0.jpg'),
	(766, '51e55a49498eaecbea13a8af', '4d272015f7a9224b0151e89f', 'https://irs1.4sqi.net/img/general/720x960/60867342_-DKSuBcvfcIfubE8KNFswEa7Gj26AUXj3RJayL20qRQ.jpg'),
	(767, '5281002c11d2e85b6633c55a', '4d272015f7a9224b0151e89f', 'https://irs1.4sqi.net/img/general/576x960/69769621_xEJwVHfMjCWozy2KPPI3hIIe8q5heLua7TZBdg3Bx1M.jpg'),
	(768, '51ec0217498e48e0735be9f0', '4d272015f7a9224b0151e89f', 'https://irs3.4sqi.net/img/general/720x960/60867342__8d0TXBWMSr_6AutLhRfn0feYHKZMnzjkZMkZEILBBc.jpg'),
	(769, '518ef3b4498eef449c81260a', '4d272015f7a9224b0151e89f', 'https://irs3.4sqi.net/img/general/960x720/7171729_Sql0uN_P5-hLUwX4P7nOtw3urtwJc79FNceMkU1briM.jpg'),
	(770, '508ad32ce4b05f3f82dfd07a', '4d272015f7a9224b0151e89f', 'https://irs2.4sqi.net/img/general/612x612/27230459_WpiXLzqd1DeA5AHkjFfGY3SvV4hzou0Xn9oAbUWUi_c.jpg'),
	(771, '518ef1cb498e9443a3822ffc', '4d272015f7a9224b0151e89f', 'https://irs3.4sqi.net/img/general/960x720/7171729_-pp5vrbC7d_6u64fW8jIfqXAuXCzc8tN4lhoqVUdWCo.jpg');
/*!40000 ALTER TABLE `venue_photos` ENABLE KEYS */;

-- Dumping data for table bronimesto.venue_schedule: ~0 rows (approximately)
/*!40000 ALTER TABLE `venue_schedule` DISABLE KEYS */;
/*!40000 ALTER TABLE `venue_schedule` ENABLE KEYS */;

-- Dumping data for table bronimesto.week_days: ~8 rows (approximately)
/*!40000 ALTER TABLE `week_days` DISABLE KEYS */;
REPLACE INTO `week_days` (`id`, `name`) VALUES
	(0, 'others'),
	(1, 'Monday'),
	(2, 'Tuesday'),
	(3, 'Wednesday'),
	(4, 'Thursday'),
	(5, 'Friday'),
	(6, 'Saturday'),
	(7, 'Sunday');
/*!40000 ALTER TABLE `week_days` ENABLE KEYS */;
/*!40101 SET SQL_MODE=IFNULL(@OLD_SQL_MODE, '') */;
/*!40014 SET FOREIGN_KEY_CHECKS=IF(@OLD_FOREIGN_KEY_CHECKS IS NULL, 1, @OLD_FOREIGN_KEY_CHECKS) */;
/*!40101 SET CHARACTER_SET_CLIENT=@OLD_CHARACTER_SET_CLIENT */;
